﻿<LinkSources version="1.02">
  <page ID="910EC8AE-1298-48E3-8D06-04B6ACB21CAD">
    <linkSource sourcePageID="7B3A7975-8A4D-4F83-A891-6D8991AF3908" comID="3DADBA76-FECC-4A89-BC2F-2F3DE706FC17" comLinkType="cltPageLink"/>
    <linkSource sourcePageID="95AB3C52-DD30-4DA2-B4E0-FA032AF36FB5" comID="B39361DE-F09C-4C43-8631-2C9EEBA6DF00" comLinkType="cltPageLink"/>
    <linkSource sourcePageID="ADB7D7E6-72DD-4C01-AE0B-644E1F63BD8B" comID="FCF782FB-0016-4085-A7DB-3DFDDFB127FA" comLinkType="cltPageLink"/>
  </page>
  <page ID="2D7AF770-6E1B-4C44-AFB8-7862D5C56A77">
    <linkSource sourcePageID="7B3A7975-8A4D-4F83-A891-6D8991AF3908" comID="4CD7C532-5F92-43A4-ADAA-86DEADA089ED" comLinkType="cltPageLink"/>
  </page>
  <page ID="7B3A7975-8A4D-4F83-A891-6D8991AF3908">
    <linkSource sourcePageID="2D7AF770-6E1B-4C44-AFB8-7862D5C56A77" comID="94A225BB-E4D1-4685-9C49-14373864C9AA" comLinkType="cltPageLink"/>
    <linkSource sourcePageID="910EC8AE-1298-48E3-8D06-04B6ACB21CAD" comID="036C7BD4-C558-412D-8297-B8FCF4059004" comLinkType="cltPageLink"/>
    <linkSource sourcePageID="910EC8AE-1298-48E3-8D06-04B6ACB21CAD" comID="8ABFA961-6EC4-46F5-881A-41846074B081" comLinkType="cltPageLink"/>
    <linkSource sourcePageID="910EC8AE-1298-48E3-8D06-04B6ACB21CAD" comID="88434AB7-11F1-4A7A-895A-786F3E70767A" comLinkType="cltPageLink"/>
    <linkSource sourcePageID="910EC8AE-1298-48E3-8D06-04B6ACB21CAD" comID="CC3C915D-9033-4421-AAF7-3320AF8BA83B" comLinkType="cltPageLink"/>
    <linkSource sourcePageID="910EC8AE-1298-48E3-8D06-04B6ACB21CAD" comID="2FC948A5-12FD-4599-BD0F-13E41D5860AA" comLinkType="cltPageLink"/>
    <linkSource sourcePageID="910EC8AE-1298-48E3-8D06-04B6ACB21CAD" comID="92870827-77E2-4E2F-9AC5-1C6B73132269" comLinkType="cltPageLink"/>
    <linkSource sourcePageID="910EC8AE-1298-48E3-8D06-04B6ACB21CAD" comID="954EC95C-BEC7-4EDE-BF63-2998B06A039A" comLinkType="cltPageLink"/>
    <linkSource sourcePageID="910EC8AE-1298-48E3-8D06-04B6ACB21CAD" comID="DD553EA7-FFF9-4BCD-A0D8-AAFA991A3FF0" comLinkType="cltPageLink"/>
    <linkSource sourcePageID="910EC8AE-1298-48E3-8D06-04B6ACB21CAD" comID="4FB4EDB1-5311-43E3-AEF7-4F112D3167AF" comLinkType="cltPageLink"/>
    <linkSource sourcePageID="910EC8AE-1298-48E3-8D06-04B6ACB21CAD" comID="D43C34E5-508D-4408-BEB0-1F90EA3F86DE" comLinkType="cltPageLink"/>
    <linkSource sourcePageID="910EC8AE-1298-48E3-8D06-04B6ACB21CAD" comID="972EC0DC-CF65-4B18-9FD6-1B1DDDB47EB9" comLinkType="cltPageLink"/>
    <linkSource sourcePageID="910EC8AE-1298-48E3-8D06-04B6ACB21CAD" comID="BFEC2B0F-2AE7-475D-B48D-11E97B2111FA" comLinkType="cltPageLink"/>
    <linkSource sourcePageID="910EC8AE-1298-48E3-8D06-04B6ACB21CAD" comID="CCD77CCA-A0A3-4863-9301-21AD0689F8FF" comLinkType="cltPageLink"/>
    <linkSource sourcePageID="910EC8AE-1298-48E3-8D06-04B6ACB21CAD" comID="76F87698-60A9-4517-A2F2-B702F5E97201" comLinkType="cltPageLink"/>
    <linkSource sourcePageID="910EC8AE-1298-48E3-8D06-04B6ACB21CAD" comID="FA66E516-F9ED-463F-9D9C-B3ADFE6A7E67" comLinkType="cltPageLink"/>
    <linkSource sourcePageID="910EC8AE-1298-48E3-8D06-04B6ACB21CAD" comID="43BD7A8F-C181-455E-A7F7-4266C8F1D318" comLinkType="cltPageLink"/>
    <linkSource sourcePageID="910EC8AE-1298-48E3-8D06-04B6ACB21CAD" comID="220A37B7-FB65-4823-A6D4-AA5751675D63" comLinkType="cltPageLink"/>
  </page>
  <page ID="22301BE2-C178-46E9-9A08-1CDF7927ECBA">
    <linkSource sourcePageID="7B3A7975-8A4D-4F83-A891-6D8991AF3908" comID="7ED8B33C-4C7C-4412-A053-04AC8BF882A7" comLinkType="cltPageLink"/>
    <linkSource sourcePageID="2D7AF770-6E1B-4C44-AFB8-7862D5C56A77" comID="C553C35A-45A8-45DD-8449-DD25B3B5B002" comLinkType="cltPageLink"/>
    <linkSource sourcePageID="ADB7D7E6-72DD-4C01-AE0B-644E1F63BD8B" comID="F1212879-E40A-44A9-9BFE-3C34C4D95C9A" comLinkType="cltPageLink"/>
    <linkSource sourcePageID="8DF65CA2-9698-4DEB-BC96-7026EE4D6979" comID="F8012037-E96A-4133-A6E6-0C6794C720B3" comLinkType="cltPageLink"/>
    <linkSource sourcePageID="C40026E7-AAFB-4ACD-8B59-9C901FD2CF10" comID="42262968-8102-4F2F-B4DF-8BE26E68977E" comLinkType="cltPageLink"/>
    <linkSource sourcePageID="491CFC09-50A0-4977-8FF9-3C875C83F9C7" comID="D412E143-2F52-402C-8A9E-3EA60E177EB7" comLinkType="cltPageLink"/>
    <linkSource sourcePageID="491CFC09-50A0-4977-8FF9-3C875C83F9C7" comID="44AFC9A2-4090-40B0-A842-05669BE82775" comLinkType="cltPageLink"/>
    <linkSource sourcePageID="FAB048E9-DE81-40E8-A089-E0DB9F65B43A" comID="3394CC62-9643-4385-BF72-83356E58C11E" comLinkType="cltPageLink"/>
    <linkSource sourcePageID="AC83D1F0-0E61-4959-89AA-66ADDD91EB82" comID="44AAA429-3120-43A9-BD82-F0C8EC8EF615" comLinkType="cltPageLink"/>
  </page>
  <page ID="ADB7D7E6-72DD-4C01-AE0B-644E1F63BD8B">
    <linkSource sourcePageID="22301BE2-C178-46E9-9A08-1CDF7927ECBA" comID="41E6E6CF-00DF-4217-905C-22E6271B63C4" comLinkType="cltPageLink"/>
    <linkSource sourcePageID="22301BE2-C178-46E9-9A08-1CDF7927ECBA" comID="3A22D686-7169-430C-AD41-AFE84A7AABE8" comLinkType="cltPageLink"/>
    <linkSource sourcePageID="ADB7D7E6-72DD-4C01-AE0B-644E1F63BD8B" comID="536774B8-5C1C-4A9A-AF74-B21E4FA563E4" comLinkType="cltPageLink"/>
    <linkSource sourcePageID="ADB7D7E6-72DD-4C01-AE0B-644E1F63BD8B" comID="0F240369-BFCE-4583-BCF2-50597E7C4B23" comLinkType="cltPageLink"/>
    <linkSource sourcePageID="2149DD0C-4BF9-42D8-B617-B383A01AB8F5" comID="7BF12D04-AAA5-43DA-A40D-F504C3E9C6DA" comLinkType="cltPageLink"/>
  </page>
  <page ID="C40026E7-AAFB-4ACD-8B59-9C901FD2CF10">
    <linkSource sourcePageID="22301BE2-C178-46E9-9A08-1CDF7927ECBA" comID="58FF2A8C-5EAC-4656-BCC2-373C46589562" comLinkType="cltPageLink"/>
  </page>
  <page ID="491CFC09-50A0-4977-8FF9-3C875C83F9C7">
    <linkSource sourcePageID="22301BE2-C178-46E9-9A08-1CDF7927ECBA" comID="7F2C63AB-0420-4124-BEF6-6FA0E53CCF4F" comLinkType="cltPageLink"/>
  </page>
  <page ID="2149DD0C-4BF9-42D8-B617-B383A01AB8F5">
    <linkSource sourcePageID="ADB7D7E6-72DD-4C01-AE0B-644E1F63BD8B" comID="D3FC5028-D967-4D31-ABC2-A90E3DE6FA86" comLinkType="cltPageLink"/>
  </page>
  <page ID="FAB048E9-DE81-40E8-A089-E0DB9F65B43A">
    <linkSource sourcePageID="ADB7D7E6-72DD-4C01-AE0B-644E1F63BD8B" comID="72F8A4E3-642F-47E6-BEC3-E322084E44BE" comLinkType="cltPageLink"/>
  </page>
  <page ID="AC83D1F0-0E61-4959-89AA-66ADDD91EB82">
    <linkSource sourcePageID="ADB7D7E6-72DD-4C01-AE0B-644E1F63BD8B" comID="82772EEC-7832-4D93-9F57-E43EB8F3C9B0" comLinkType="cltPageLink"/>
  </page>
  <page ID="ED64BA27-F008-4860-BECC-815D902F1563">
    <linkSource sourcePageID="22301BE2-C178-46E9-9A08-1CDF7927ECBA" comID="E8D276B2-D8DF-435C-B01E-1D1E26246315" comLinkType="cltPageLink"/>
  </page>
  <page ID="B1EA8535-C5FF-4E72-914A-3FCFC6BECE1A">
    <linkSource sourcePageID="ED64BA27-F008-4860-BECC-815D902F1563" comID="30DA783C-ACFF-4551-BDCA-059FC962A951" comLinkType="cltPageLink"/>
  </page>
  <page ID="8DF65CA2-9698-4DEB-BC96-7026EE4D6979">
    <linkSource sourcePageID="B1EA8535-C5FF-4E72-914A-3FCFC6BECE1A" comID="FE683170-75D1-44C6-BA02-8C73E3030DB0" comLinkType="cltPageLink"/>
    <linkSource sourcePageID="B1EA8535-C5FF-4E72-914A-3FCFC6BECE1A" comID="D661EFD6-D57C-46E8-A0BF-A87ECBD10260" comLinkType="cltPageLink"/>
    <linkSource sourcePageID="B1EA8535-C5FF-4E72-914A-3FCFC6BECE1A" comID="6B57A21E-C788-44ED-83B0-BD36A009C403" comLinkType="cltPageLink"/>
  </page>
</LinkSources>