﻿<project version="2.9" name="CarWash High fidelity" ID="730F2505-B3DA-4E92-94A7-C60C307804F4">
  <params>
    <pageParam version="5.3" minAllowVersion="5.3"/>
    <projectParam version="2.9" minAllowVersion="2.9" platform="MtMobile" orientation="MoPortrait" mobileScreenScale="1.77777779102325" mobileType="mmtIOS" pageSize="(375,667)" backgroundColor="4294967295" fontSize="0" fontFamily="" projectType="ptPersonalProject" isShowTitleIndex="False"/>
    <previewParam version="1.0"/>
    <colorParam version="1.0"/>
  </params>
  <pages>
    <page name="welcome" ID="95AB3C52-DD30-4DA2-B4E0-FA032AF36FB5" expanded="True" code="FrYjE2Gj4x" thumbCode="SYGLw1hIcp" status="psWhite" isfolder="False" isshownode="True"/>
    <page name="Home" ID="910EC8AE-1298-48E3-8D06-04B6ACB21CAD" expanded="True" code="rVxAVdWB2K" thumbCode="SAoYmdEbUT" status="psWhite" isfolder="False" isshownode="True">
      <images>
        <image key="474A61FDC203C97B2EEFAF494C017CCB.svg"/>
      </images>
      <page name="signup" ID="2D7AF770-6E1B-4C44-AFB8-7862D5C56A77" expanded="True" code="MfakM8ZkDD" thumbCode="MfakM8ZkDD" status="psWhite" isfolder="False" isshownode="True">
        <images>
          <image key="467605F5F90D9FF65132C1A6EF883F26.svg"/>
        </images>
      </page>
      <page name="signin" ID="7B3A7975-8A4D-4F83-A891-6D8991AF3908" expanded="True" code="GKPZNPPtAM" thumbCode="H4S7xzaGOP" status="psWhite" isfolder="False" isshownode="True">
        <images>
          <image key="D6859759E093AABA6D618DD6AA733504.svg"/>
        </images>
      </page>
      <page name="Booking" ID="22301BE2-C178-46E9-9A08-1CDF7927ECBA" expanded="True" code="y369pgdJ79" thumbCode="y369pgdJ79" isLastOpen="True" status="psWhite" isfolder="False" isshownode="True">
        <images>
          <image key="465F7420215F741122FE38BF5E1BDDD8.svg"/>
          <image key="92A37C37F1C55861F795B008D0D7225E.svg"/>
        </images>
      </page>
      <page name="profile" ID="ADB7D7E6-72DD-4C01-AE0B-644E1F63BD8B" expanded="True" code="ePZGYDTScH" thumbCode="ePZGYDTScH" status="psWhite" isfolder="False" isshownode="True">
        <images>
          <image key="465F7420215F741122FE38BF5E1BDDD8.svg"/>
          <image key="92A37C37F1C55861F795B008D0D7225E.svg"/>
          <image key="8BE3C7AC8FBB1747163ECAB9AB46AD44.svg"/>
          <image key="691E43A0CADD5AF1CA372E5138075E19.svg"/>
        </images>
      </page>
      <page name="view booking" ID="C40026E7-AAFB-4ACD-8B59-9C901FD2CF10" expanded="True" code="5ssTkGzT74" thumbCode="5ssTkGzT74" status="psWhite" isfolder="False" isshownode="True">
        <images>
          <image key="91852B86E51F760894554368302F9800.svg"/>
        </images>
      </page>
      <page name="cancel booking" ID="491CFC09-50A0-4977-8FF9-3C875C83F9C7" expanded="True" code="TInTBfAsDS" thumbCode="TInTBfAsDS" status="psWhite" isfolder="False" isshownode="True">
        <images>
          <image key="91852B86E51F760894554368302F9800.svg"/>
        </images>
      </page>
      <page name="My details" ID="2149DD0C-4BF9-42D8-B617-B383A01AB8F5" expanded="True" code="dBhvNRRupo" thumbCode="dBhvNRRupo" status="psWhite" isfolder="False" isshownode="True">
        <images>
          <image key="42CF9E031360EBC09387427849BF6328.svg"/>
          <image key="D6859759E093AABA6D618DD6AA733504.svg"/>
        </images>
      </page>
      <page name="History Payment" ID="FAB048E9-DE81-40E8-A089-E0DB9F65B43A" expanded="True" code="gFlS5eZ59i" thumbCode="gFlS5eZ59i" status="psWhite" isfolder="False" isshownode="True">
        <images>
          <image key="91852B86E51F760894554368302F9800.svg"/>
        </images>
      </page>
      <page name="Messages" ID="AC83D1F0-0E61-4959-89AA-66ADDD91EB82" expanded="True" code="jpmmuDwn1z" thumbCode="jpmmuDwn1z" status="psWhite" isfolder="False" isshownode="True">
        <images>
          <image key="91852B86E51F760894554368302F9800.svg"/>
        </images>
      </page>
    </page>
    <page name="book" ID="ED64BA27-F008-4860-BECC-815D902F1563" expanded="True" code="RCyIvLYB9F" thumbCode="RCyIvLYB9F" status="psWhite" isfolder="False" isshownode="True"/>
    <page name="payment" ID="B1EA8535-C5FF-4E72-914A-3FCFC6BECE1A" expanded="True" code="n6q393Vcts" thumbCode="n6q393Vcts" status="psWhite" isfolder="False" isshownode="True">
      <images>
        <image key="1DB4B9CC372DC915A334BB1C3062F611.svg"/>
        <image key="D1D277D73BFEFFA51679108B5AE8A862.svg"/>
      </images>
    </page>
    <page name="success" ID="8DF65CA2-9698-4DEB-BC96-7026EE4D6979" expanded="True" code="3MIjcJIUgy" thumbCode="3MIjcJIUgy" status="psWhite" isfolder="False" isshownode="True"/>
  </pages>
  <trash>
    <page name="Page" ID="63559E95-3500-43C8-9805-AF400299C121" expanded="False" code="MN7WdMCyYh" thumbCode="PtVoxzrxNf" isLastOpen="True" status="psWhite" isfolder="False" isshownode="True"/>
    <page name="Page1" ID="22EEC16A-45EF-4C0D-9547-26E44887DB4C" expanded="False" code="a8oGLY5FJy" thumbCode="BCBPl8BjKM" isLastOpen="True" status="psWhite" isfolder="False" isshownode="True"/>
    <page name="Page" ID="67C405BA-AAFD-47C8-9C42-39385777B2FC" expanded="True" code="6YIMIyxMJN" thumbCode="Kro97AgFOC" isLastOpen="True" status="psWhite" isfolder="False" isshownode="True"/>
    <page name="Page" ID="ADC76B9B-02CB-4B96-B185-322931FA9352" expanded="False" code="imXihv4W6A" thumbCode="nP1qGWqgw4" isLastOpen="True" status="psWhite" isfolder="False" isshownode="True"/>
    <page name="Page" ID="27637A5C-2DBD-4FE9-94D4-38DC9E9D7EBA" expanded="False" code="x41vvn7XON" thumbCode="c2v8RdKq4s" isLastOpen="True" status="psWhite" isfolder="False" isshownode="True"/>
    <page name="Page" ID="3DABF364-86A9-4089-9385-B9C27E47DA08" expanded="False" code="aaI3v3h1GN" thumbCode="WvfIhNsRdE" isLastOpen="True" status="psWhite" isfolder="False" isshownode="True">
      <images>
        <image key="1DB4B9CC372DC915A334BB1C3062F611.svg"/>
        <image key="D1D277D73BFEFFA51679108B5AE8A862.svg"/>
      </images>
    </page>
  </trash>
  <deletes/>
  <masters/>
  <images>
    <image key="92A37C37F1C55861F795B008D0D7225E.svg"/>
    <image key="8BE3C7AC8FBB1747163ECAB9AB46AD44.svg"/>
    <image key="D1D277D73BFEFFA51679108B5AE8A862.svg"/>
    <image key="1DB4B9CC372DC915A334BB1C3062F611.svg"/>
    <image key="691E43A0CADD5AF1CA372E5138075E19.svg"/>
    <image key="42CF9E031360EBC09387427849BF6328.svg"/>
    <image key="474A61FDC203C97B2EEFAF494C017CCB.svg"/>
    <image key="465F7420215F741122FE38BF5E1BDDD8.svg"/>
    <image key="91852B86E51F760894554368302F9800.svg"/>
    <image key="467605F5F90D9FF65132C1A6EF883F26.svg"/>
    <image key="D6859759E093AABA6D618DD6AA733504.svg"/>
  </images>
</project>