﻿<mockup version="5.3" minAllowVersion="5.3" ID="2149DD0C-4BF9-42D8-B617-B383A01AB8F5" platform="MtMobile" defaultW="375" defaultH="667" measureW="375" measureH="667" screenOrientation="MoPortrait" mobileScreenScale="1.77777779102325" clipArea="(0,0,0,0)">
  <controls controlCount="13">
    <control controlID="7D2104CE-DE61-4863-AA87-989BC7A15DE1" controlTypeID="Panel" x="0" y="0" w="375" h="667" zOrder="0">
      <color>4278229452</color>
      <groupChildrenDescriptors>
        <control controlID="6B6C0D4D-E7FD-4BE3-99C3-303E4A4670AA" controlTypeID="Border" x="0" y="0" w="375" h="667" zOrder="0">
          <alias>borderLayer</alias>
        </control>
      </groupChildrenDescriptors>
      <thinkness>1</thinkness>
    </control>
    <control controlID="CAE9052E-9EF6-4379-9510-C99CD5893206" controlTypeID="Panel" x="20" y="51" w="324" h="547" zOrder="1">
      <groupChildrenDescriptors>
        <control controlID="B5E23073-6685-4C2E-A490-4CC66C88EE1F" controlTypeID="Border" x="0" y="0" w="324" h="547" zOrder="0">
          <alias>borderLayer</alias>
        </control>
      </groupChildrenDescriptors>
      <thinkness>1</thinkness>
    </control>
    <control controlID="F7D09B2F-E7FC-4701-B4EB-B01E1767CCEA" controlTypeID="Icon" x="112" y="105" w="151" h="151" zOrder="2">
      <icon>
        <ID/>
        <iconFontName>jdiconfontB</iconFontName>
        <iconCode>59648</iconCode>
      </icon>
      <URL>42CF9E031360EBC09387427849BF6328.svg</URL>
    </control>
    <control controlID="B0F9D9EF-0A6A-4423-848C-2A0B821E4797" controlTypeID="Button" x="59" y="295" w="236" h="36" zOrder="3">
      <font family="Segoe+UI" displayName="Segoe+UI" postScript="" weightStyle="Regular" weight="400" isBold="False" isItalic="False"/>
      <text>NAME+%3A+KIOKO+KILONZO+FREDRICK</text>
      <lineSpacing>0</lineSpacing>
      <selectedIndex>-1</selectedIndex>
    </control>
    <control controlID="BD406842-AD61-4B8A-99EF-A3A708C77EF6" controlTypeID="Button" x="189" y="385" w="120" h="38" zOrder="4">
      <font family="Segoe+UI" displayName="Segoe+UI" postScript="" weightStyle="Regular" weight="400" isBold="False" isItalic="False"/>
      <text>Mark+X2+Toyota</text>
      <lineSpacing>0</lineSpacing>
      <selectedIndex>-1</selectedIndex>
    </control>
    <control controlID="7EC8766A-0A18-4D8F-92E4-723553362813" controlTypeID="Button" x="59" y="341" w="120" h="30" zOrder="5">
      <font family="Segoe+UI" displayName="Segoe+UI" postScript="" weightStyle="Regular" weight="400" isBold="False" isItalic="False"/>
      <text>ID+NO%3A+35538116</text>
      <lineSpacing>0</lineSpacing>
      <selectedIndex>-1</selectedIndex>
    </control>
    <control controlID="60A114FE-4BBD-409B-98D0-16316CC61AEA" controlTypeID="Button" x="30" y="73" w="120" h="32" zOrder="6">
      <font family="Segoe+UI" displayName="Segoe+UI" postScript="" weightStyle="Regular" weight="400" isBold="False" isItalic="False"/>
      <text>User%3A+Fkioko12</text>
      <lineSpacing>0</lineSpacing>
      <selectedIndex>-1</selectedIndex>
    </control>
    <control controlID="9A945A23-0D04-4E4B-ACE0-58B6A0FD62A4" controlTypeID="Button" x="59" y="381" w="120" h="38" zOrder="7">
      <font family="Segoe+UI" displayName="Segoe+UI" postScript="" weightStyle="Regular" weight="400" isBold="False" isItalic="False"/>
      <text>KDD815</text>
      <lineSpacing>0</lineSpacing>
      <selectedIndex>-1</selectedIndex>
    </control>
    <control controlID="2F1583AD-C8CE-45B6-B7A4-A4CE3E018541" controlTypeID="Button" x="189" y="337" w="120" h="38" zOrder="8">
      <font family="Segoe+UI" displayName="Segoe+UI" postScript="" weightStyle="Regular" weight="400" isBold="False" isItalic="False"/>
      <text>0741159963</text>
      <lineSpacing>0</lineSpacing>
      <selectedIndex>-1</selectedIndex>
    </control>
    <control controlID="3EB9659C-8206-4BD9-8683-6A5650203381" controlTypeID="Button" x="95" y="499" w="186" h="48" zOrder="9">
      <font family="Segoe+UI" displayName="Segoe+UI" postScript="" weightStyle="Regular" weight="400" isBold="False" isItalic="False"/>
      <text>Edit+Profile</text>
      <lineSpacing>0</lineSpacing>
      <selectedIndex>-1</selectedIndex>
    </control>
    <control controlID="7BF12D04-AAA5-43DA-A40D-F504C3E9C6DA" controlTypeID="Icon" x="24" y="15" w="33" h="33" zOrder="10">
      <color>4294967295</color>
      <links eventType="AtClick" animate="AmNone" animateAutoDelay="0" animateDuration="500">
        <link targetPageID="ADB7D7E6-72DD-4C01-AE0B-644E1F63BD8B" linkType="ltPageLink" isApplyIncludePage="False" title="profile">
          <area shape="0" alt="" ID="{18E7E53B-E7AF-4E25-A287-0DCEF8A035FF}" coords="(0,0,33,33)"/>
        </link>
      </links>
      <icon>
        <ID/>
        <iconFontName>jdIonicons</iconFontName>
        <iconCode>62415</iconCode>
      </icon>
      <URL>D6859759E093AABA6D618DD6AA733504.svg</URL>
    </control>
  </controls>
  <param>
    <backgroundColor>4294967295</backgroundColor>
    <fontSize>0</fontSize>
    <fontFamily/>
    <guideLines/>
  </param>
</mockup>