﻿<mockup version="5.3" minAllowVersion="5.3" ID="22301BE2-C178-46E9-9A08-1CDF7927ECBA" platform="MtMobile" defaultW="375" defaultH="667" measureW="375" measureH="667" screenOrientation="MoPortrait" mobileScreenScale="1.77777779102325" clipArea="(0,0,0,0)">
  <controls controlCount="7">
    <control controlID="0C2722D4-6B57-4A9F-B92F-DAE0E0CE55F4" controlTypeID="Panel" x="0" y="0" w="375" h="667" zOrder="0">
      <groupChildrenDescriptors>
        <control controlID="41E6E6CF-00DF-4217-905C-22E6271B63C4" controlTypeID="Icon" x="331" y="20" w="24" h="24" zOrder="0">
          <links eventType="AtClick" animate="AmNone" animateAutoDelay="0" animateDuration="500">
            <link targetPageID="ADB7D7E6-72DD-4C01-AE0B-644E1F63BD8B" linkType="ltPageLink" isApplyIncludePage="False" title="profile">
              <area shape="0" alt="" ID="{89B7F433-B600-4A5F-BA16-FA8B488916FD}" coords="(0,0,24,24)"/>
            </link>
          </links>
          <icon>
            <ID/>
            <iconFontName>jdIonicons</iconFontName>
            <iconCode>62359</iconCode>
          </icon>
          <URL>92A37C37F1C55861F795B008D0D7225E.svg</URL>
        </control>
        <control controlID="BA43393A-9348-4325-A2D7-CDC8B96C5D18" controlTypeID="Border" x="0" y="0" w="375" h="667" zOrder="1">
          <alias>borderLayer</alias>
        </control>
      </groupChildrenDescriptors>
      <thinkness>1</thinkness>
    </control>
    <control controlID="3A22D686-7169-430C-AD41-AFE84A7AABE8" controlTypeID="Icon" x="24" y="24" w="24" h="24" zOrder="1">
      <links eventType="AtClick" animate="AmNone" animateAutoDelay="0" animateDuration="500">
        <link targetPageID="ADB7D7E6-72DD-4C01-AE0B-644E1F63BD8B" linkType="ltPageLink" isApplyIncludePage="False" title="profile">
          <area shape="0" alt="" ID="{5D6F841F-7196-4F49-8BFE-71B87380F3F8}" coords="(0,0,24,24)"/>
        </link>
      </links>
      <icon>
        <ID/>
        <iconFontName>jdIonicons</iconFontName>
        <iconCode>62363</iconCode>
      </icon>
      <URL>465F7420215F741122FE38BF5E1BDDD8.svg</URL>
    </control>
    <control controlID="E8D276B2-D8DF-435C-B01E-1D1E26246315" controlTypeID="Button" x="102" y="183" w="171" h="48" zOrder="2">
      <color>4278229452</color>
      <links eventType="AtClick" animate="AmNone" animateAutoDelay="0" animateDuration="500">
        <link targetPageID="ED64BA27-F008-4860-BECC-815D902F1563" linkType="ltPageLink" isApplyIncludePage="False" title="book">
          <area shape="0" alt="" ID="{0ED0D901-2D44-43A5-9F6D-0304DBE7C39F}" coords="(0,0,171,48)"/>
        </link>
      </links>
      <font family="Segoe+UI" displayName="Segoe+UI" postScript="" weightStyle="Regular" weight="400" isBold="False" isItalic="False"/>
      <text>Make+a+Book%0D%0A</text>
      <textColor>4294967295</textColor>
      <textSize>20</textSize>
      <lineSpacing>0</lineSpacing>
      <useDefaultTextSize>False</useDefaultTextSize>
      <selectedIndex>-1</selectedIndex>
    </control>
    <control controlID="58FF2A8C-5EAC-4656-BCC2-373C46589562" controlTypeID="Button" x="97" y="274" w="171" h="48" zOrder="3">
      <color>4278229452</color>
      <links eventType="AtClick" animate="AmNone" animateAutoDelay="0" animateDuration="500">
        <link targetPageID="C40026E7-AAFB-4ACD-8B59-9C901FD2CF10" linkType="ltPageLink" isApplyIncludePage="False" title="view+booking">
          <area shape="0" alt="" ID="{1B7E6630-E85B-48E1-B673-21173B2F87B2}" coords="(0,0,171,48)"/>
        </link>
      </links>
      <font family="Segoe+UI" displayName="Segoe+UI" postScript="" weightStyle="Regular" weight="400" isBold="False" isItalic="False"/>
      <text>View+My+Booking%0D%0A</text>
      <textColor>4294967295</textColor>
      <textSize>20</textSize>
      <lineSpacing>0</lineSpacing>
      <useDefaultTextSize>False</useDefaultTextSize>
      <selectedIndex>-1</selectedIndex>
    </control>
    <control controlID="7F2C63AB-0420-4124-BEF6-6FA0E53CCF4F" controlTypeID="Button" x="96" y="370" w="171" h="54" zOrder="4">
      <color>4278229452</color>
      <links eventType="AtClick" animate="AmNone" animateAutoDelay="0" animateDuration="500">
        <link targetPageID="491CFC09-50A0-4977-8FF9-3C875C83F9C7" linkType="ltPageLink" isApplyIncludePage="False" title="cancel+booking">
          <area shape="0" alt="" ID="{FCFD5ED5-17A3-4672-93F2-7C47D32872B1}" coords="(0,0,171,54)"/>
        </link>
      </links>
      <font family="Segoe+UI" displayName="Segoe+UI" postScript="" weightStyle="Regular" weight="400" isBold="False" isItalic="False"/>
      <text>Cancel+My+Booking</text>
      <textColor>4294967295</textColor>
      <textSize>20</textSize>
      <lineSpacing>0</lineSpacing>
      <useDefaultTextSize>False</useDefaultTextSize>
      <selectedIndex>-1</selectedIndex>
    </control>
  </controls>
  <param>
    <backgroundColor>4294967295</backgroundColor>
    <fontSize>0</fontSize>
    <fontFamily/>
    <guideLines/>
  </param>
</mockup>