﻿<mockup version="5.3" minAllowVersion="5.3" ID="2D7AF770-6E1B-4C44-AFB8-7862D5C56A77" platform="MtMobile" defaultW="375" defaultH="667" measureW="375" measureH="667" screenOrientation="MoPortrait" mobileScreenScale="1.77777779102325" clipArea="(0,0,0,0)">
  <controls controlCount="16">
    <control controlID="2C101313-A304-4676-BA52-DAA3099B8EAE" controlTypeID="Panel" x="0" y="0" w="375" h="667" zOrder="0">
      <color>4278216345</color>
      <borderColor>4278190182</borderColor>
      <groupChildrenDescriptors>
        <control controlID="F18A9020-1E67-4FF8-8702-57ABFB63979D" controlTypeID="Panel" x="5" y="10" w="360" h="647" zOrder="0">
          <borderColor>4278190182</borderColor>
          <groupChildrenDescriptors>
            <control controlID="0E769B88-985F-4F3D-BA79-391E5A2FE4A2" controlTypeID="TextInput" x="20" y="184" w="287" h="44" zOrder="0">
              <borderColor>4278190182</borderColor>
              <font family="Segoe+UI" displayName="Segoe+UI" postScript="" weightStyle="Regular" weight="400" isBold="False" isItalic="False" useDefaultFontFamily="False"/>
              <text>Full+Name</text>
              <textColor>4278190182</textColor>
              <textSize>16</textSize>
              <lineSpacing>0</lineSpacing>
              <useDefaultTextSize>False</useDefaultTextSize>
              <selectedIndex>-1</selectedIndex>
              <radius>100</radius>
              <radiusIsPercent>True</radiusIsPercent>
            </control>
            <control controlID="6700BF99-53A5-4034-80CB-865178A65974" controlTypeID="TextInput" x="42" y="495" w="246" h="44" zOrder="1">
              <borderColor>4278190182</borderColor>
              <font family="Segoe+UI" displayName="Segoe+UI" postScript="" weightStyle="Regular" weight="400" isBold="False" isItalic="False" useDefaultFontFamily="False"/>
              <text>Confirm+Password</text>
              <textColor>4278190182</textColor>
              <textSize>16</textSize>
              <lineSpacing>0</lineSpacing>
              <useDefaultTextSize>False</useDefaultTextSize>
              <selectedIndex>-1</selectedIndex>
              <radius>100</radius>
              <radiusIsPercent>True</radiusIsPercent>
            </control>
            <control controlID="A16A9DAB-23ED-4255-8B44-D1701A70A513" controlTypeID="Label" x="99" y="10" w="170" h="27" zOrder="2">
              <font family="Segoe+UI" displayName="Segoe+UI" postScript="" weightStyle="Regular" weight="400" isBold="False" isItalic="False" useDefaultFontFamily="False"/>
              <text>ACCOUNT+WIZARD</text>
              <textColor>4278190182</textColor>
              <textSize>20</textSize>
              <lineSpacing>0</lineSpacing>
              <useDefaultTextSize>False</useDefaultTextSize>
              <selectedIndex>-1</selectedIndex>
            </control>
            <control controlID="9F339E9D-3B3F-4951-9F82-5DA6B0EE183F" controlTypeID="TextInput" x="20" y="244" w="124" h="44" zOrder="3">
              <borderColor>4278190182</borderColor>
              <font family="Segoe+UI" displayName="Segoe+UI" postScript="" weightStyle="Regular" weight="400" isBold="False" isItalic="False" useDefaultFontFamily="False"/>
              <text>ID+No</text>
              <textColor>4278190182</textColor>
              <textSize>16</textSize>
              <lineSpacing>0</lineSpacing>
              <useDefaultTextSize>False</useDefaultTextSize>
              <selectedIndex>-1</selectedIndex>
              <radius>100</radius>
              <radiusIsPercent>True</radiusIsPercent>
            </control>
            <control controlID="0ADF657F-ED03-4710-91EE-B8AE3CA9F394" controlTypeID="TextInput" x="154" y="244" w="163" h="44" zOrder="4">
              <borderColor>4278190182</borderColor>
              <font family="Segoe+UI" displayName="Segoe+UI" postScript="" weightStyle="Regular" weight="400" isBold="False" isItalic="False" useDefaultFontFamily="False"/>
              <text>Phone+Nunber</text>
              <textColor>4278190182</textColor>
              <textSize>16</textSize>
              <lineSpacing>0</lineSpacing>
              <useDefaultTextSize>False</useDefaultTextSize>
              <selectedIndex>-1</selectedIndex>
              <radius>100</radius>
              <radiusIsPercent>True</radiusIsPercent>
            </control>
            <control controlID="C6B82AFD-FFEA-4109-8FE3-7151AF5B638B" controlTypeID="TextInput" x="20" y="376" w="127" h="44" zOrder="5">
              <borderColor>4278190182</borderColor>
              <font family="Segoe+UI" displayName="Segoe+UI" postScript="" weightStyle="Regular" weight="400" isBold="False" isItalic="False" useDefaultFontFamily="False"/>
              <text>Car+Model</text>
              <textColor>4278190182</textColor>
              <textSize>16</textSize>
              <lineSpacing>0</lineSpacing>
              <useDefaultTextSize>False</useDefaultTextSize>
              <selectedIndex>-1</selectedIndex>
              <radius>100</radius>
              <radiusIsPercent>True</radiusIsPercent>
            </control>
            <control controlID="17E737A4-2B9F-4EBB-900C-98BEFAD13BAC" controlTypeID="TextInput" x="20" y="307" w="290" h="44" zOrder="6">
              <borderColor>4278190182</borderColor>
              <font family="Segoe+UI" displayName="Segoe+UI" postScript="" weightStyle="Regular" weight="400" isBold="False" isItalic="False" useDefaultFontFamily="False"/>
              <text>Username</text>
              <textColor>4278190182</textColor>
              <textSize>16</textSize>
              <lineSpacing>0</lineSpacing>
              <useDefaultTextSize>False</useDefaultTextSize>
              <selectedIndex>-1</selectedIndex>
              <radius>100</radius>
              <radiusIsPercent>True</radiusIsPercent>
            </control>
            <control controlID="E15D2B71-7510-4D19-8441-96BA1575504A" controlTypeID="TextInput" x="42" y="436" w="246" h="44" zOrder="7">
              <borderColor>4278190182</borderColor>
              <font family="Segoe+UI" displayName="Segoe+UI" postScript="" weightStyle="Regular" weight="400" isBold="False" isItalic="False" useDefaultFontFamily="False"/>
              <text>Password</text>
              <textColor>4278190182</textColor>
              <textSize>16</textSize>
              <lineSpacing>0</lineSpacing>
              <useDefaultTextSize>False</useDefaultTextSize>
              <selectedIndex>-1</selectedIndex>
              <radius>100</radius>
              <radiusIsPercent>True</radiusIsPercent>
            </control>
            <control controlID="CD782890-4C33-4501-92EB-65825FCD28DE" controlTypeID="TextInput" x="174" y="376" w="156" h="44" zOrder="8">
              <borderColor>4278190182</borderColor>
              <font family="Segoe+UI" displayName="Segoe+UI" postScript="" weightStyle="Regular" weight="400" isBold="False" isItalic="False" useDefaultFontFamily="False"/>
              <text>Car+Plate</text>
              <textColor>4278190182</textColor>
              <textSize>16</textSize>
              <lineSpacing>0</lineSpacing>
              <useDefaultTextSize>False</useDefaultTextSize>
              <selectedIndex>-1</selectedIndex>
              <radius>100</radius>
              <radiusIsPercent>True</radiusIsPercent>
            </control>
            <control controlID="2729A779-71F8-4F1F-8DDD-DF6747B10C0C" controlTypeID="Border" x="0" y="0" w="360" h="647" zOrder="9">
              <borderColor>4278190182</borderColor>
              <alias>borderLayer</alias>
            </control>
          </groupChildrenDescriptors>
          <thinkness>1</thinkness>
        </control>
        <control controlID="C553C35A-45A8-45DD-8449-DD25B3B5B002" controlTypeID="Button" x="29" y="575" w="145" h="48" zOrder="1">
          <color>4278190182</color>
          <borderVisible>False</borderVisible>
          <links eventType="AtClick" animate="AmNone" animateAutoDelay="0" animateDuration="500">
            <link targetPageID="22301BE2-C178-46E9-9A08-1CDF7927ECBA" linkType="ltPageLink" isApplyIncludePage="False" title="Booking">
              <area shape="0" alt="" ID="{C64B1278-1B04-4029-A7D9-9C084444719F}" coords="(0,0,145,48)"/>
            </link>
          </links>
          <font family="Segoe+UI" displayName="Segoe+UI" postScript="" weightStyle="Regular" weight="400" isBold="False" isItalic="False" useDefaultFontFamily="False"/>
          <text>Sign+Up</text>
          <textColor>4294967295</textColor>
          <textSize>12</textSize>
          <lineSpacing>0</lineSpacing>
          <selectedIndex>-1</selectedIndex>
          <radius>100</radius>
          <radiusIsPercent>True</radiusIsPercent>
        </control>
        <control controlID="4CEF3D5B-1AC1-4B53-8D40-9ABE50CA6C0D" controlTypeID="AvatarEx2" x="128" y="60" w="120" h="120" zOrder="2">
          <icon>
            <ID/>
            <iconFontName>jdiconfontB</iconFontName>
            <iconCode>59652</iconCode>
          </icon>
          <URL>467605F5F90D9FF65132C1A6EF883F26.svg</URL>
        </control>
        <control controlID="94A225BB-E4D1-4685-9C49-14373864C9AA" controlTypeID="Link" x="195" y="589" w="160" h="19" zOrder="3">
          <links eventType="AtClick" animate="AmNone" animateAutoDelay="0" animateDuration="500">
            <link targetPageID="7B3A7975-8A4D-4F83-A891-6D8991AF3908" linkType="ltPageLink" isApplyIncludePage="False" title="signin">
              <area shape="0" alt="" ID="{758EA0D2-B0E6-42CC-A8A3-7468536275E4}" coords="(0,0,160,19)"/>
            </link>
          </links>
          <font family="Segoe+UI" displayName="Segoe+UI" postScript="" weightStyle="Regular" weight="400" isBold="False" isItalic="False"/>
          <text>Already+A+Member%3F+Login</text>
          <textSize>14</textSize>
          <lineSpacing>0</lineSpacing>
          <selectedIndex>-1</selectedIndex>
        </control>
        <control controlID="B6326F27-A8E2-46FF-A7A8-914281BC1EAC" controlTypeID="Border" x="0" y="0" w="375" h="667" zOrder="4">
          <borderColor>4278190182</borderColor>
          <alias>borderLayer</alias>
        </control>
      </groupChildrenDescriptors>
      <thinkness>1</thinkness>
    </control>
  </controls>
  <param>
    <backgroundColor>4294967295</backgroundColor>
    <fontSize>0</fontSize>
    <fontFamily/>
    <guideLines/>
  </param>
</mockup>