﻿<mockup version="5.3" minAllowVersion="5.3" ID="3DABF364-86A9-4089-9385-B9C27E47DA08" platform="MtMobile" defaultW="375" defaultH="667" measureW="375" measureH="667" screenOrientation="MoPortrait" mobileScreenScale="1.77777779102325">
  <controls controlCount="4">
    <control controlID="8A7F92B5-EF7C-4771-B1C5-8F67176BFF3A" controlTypeID="Button" x="116" y="164" w="120" h="48" zOrder="0">
      <color>4278229299</color>
      <font family="Segoe+UI" displayName="Segoe+UI" postScript="" weightStyle="Regular" weight="400" isBold="False" isItalic="False" useDefaultFontFamily="False"/>
      <text>Lipa+Na+Mpesa</text>
      <textColor>4294967295</textColor>
      <textSize>12</textSize>
      <lineSpacing>0</lineSpacing>
      <selectedIndex>-1</selectedIndex>
      <radius>100</radius>
      <radiusIsPercent>True</radiusIsPercent>
    </control>
    <control controlID="E23AA7F6-D827-4609-BDE6-06BDDBF1C62A" controlTypeID="Label" x="55" y="62" w="274" h="27" zOrder="1">
      <font family="Segoe+UI" displayName="Segoe+UI" postScript="" weightStyle="Regular" weight="400" isBold="False" isItalic="False"/>
      <text>We+Accept+Any+Below+Payment</text>
      <textSize>20</textSize>
      <lineSpacing>0</lineSpacing>
      <useDefaultTextSize>False</useDefaultTextSize>
      <selectedIndex>-1</selectedIndex>
    </control>
    <control controlID="1510175D-56B6-4D90-8244-9DC1691B2431" controlTypeID="Icon" x="134" y="275" w="84" h="84" zOrder="2">
      <color>4278203238</color>
      <icon>
        <ID/>
        <iconFontName>jdFontAwesome</iconFontName>
        <iconCode>61940</iconCode>
      </icon>
      <URL>D1D277D73BFEFFA51679108B5AE8A862.svg</URL>
    </control>
    <control controlID="962A0544-2C36-4A1A-AB12-64DD2FB96E69" controlTypeID="Icon" x="140" y="414" w="72" h="72" zOrder="3">
      <color>4294901811</color>
      <icon>
        <ID/>
        <iconFontName>jdIonicons</iconFontName>
        <iconCode>61721</iconCode>
      </icon>
      <URL>1DB4B9CC372DC915A334BB1C3062F611.svg</URL>
    </control>
  </controls>
  <param>
    <backgroundColor>4294967295</backgroundColor>
    <fontSize>0</fontSize>
    <fontFamily/>
    <guideLines/>
  </param>
</mockup>