﻿<mockup version="5.3" minAllowVersion="5.3" ID="491CFC09-50A0-4977-8FF9-3C875C83F9C7" platform="MtMobile" defaultW="375" defaultH="667" measureW="375" measureH="667" screenOrientation="MoPortrait" mobileScreenScale="1.77777779102325">
  <controls controlCount="7">
    <control controlID="7585A0F9-01B4-4CB6-A228-CDC3FBA12869" controlTypeID="Panel" x="0" y="0" w="375" h="667" zOrder="0">
      <color>4278229452</color>
      <groupChildrenDescriptors>
        <control controlID="5FFD08F0-135A-4C10-9790-E727C55DD36B" controlTypeID="Border" x="0" y="0" w="375" h="667" zOrder="0">
          <alias>borderLayer</alias>
        </control>
      </groupChildrenDescriptors>
      <thinkness>1</thinkness>
    </control>
    <control controlID="8E25E5F2-93BB-4E99-8442-6C1B5F7A6FEF" controlTypeID="Panel" x="14" y="39" w="349" h="608" zOrder="1">
      <groupChildrenDescriptors>
        <control controlID="644355EE-0962-4923-A980-7CB24F5ACB20" controlTypeID="Border" x="0" y="0" w="349" h="608" zOrder="0">
          <alias>borderLayer</alias>
        </control>
      </groupChildrenDescriptors>
      <thinkness>1</thinkness>
    </control>
    <control controlID="87EE5884-AE30-4772-9371-624669098F90" controlTypeID="List" x="26" y="111" w="329" h="529" zOrder="2">
      <font family="Segoe+UI" displayName="Segoe+UI" postScript="" weightStyle="Regular" weight="400" isBold="False" isItalic="False"/>
      <text>My+Bookings%0D%0A2%2F01%2F2021+-+Primeo+Toyota+-+Kamau+on+Duty%0D%0A22%2F07%2F2021+-+Primeo+Toyota+-+Asha+on+Duty%0D%0A2%2F15%2F2021+-+Primeo+Toyota+-+Essy+on+Duty%0D%0A2%2F10%2F2021+-+Primeo+Toyota+-+Pending</text>
      <textSize>14</textSize>
      <lineSpacing>0</lineSpacing>
      <itemHeight>48</itemHeight>
    </control>
    <control controlID="D412E143-2F52-402C-8A9E-3EA60E177EB7" controlTypeID="Icon" x="26" y="67" w="24" h="24" zOrder="3">
      <links eventType="AtClick" animate="AmNone" animateAutoDelay="0" animateDuration="500">
        <link targetPageID="22301BE2-C178-46E9-9A08-1CDF7927ECBA" linkType="ltPageLink" isApplyIncludePage="False" title="Booking">
          <area shape="0" alt="" ID="{10592DBF-93B3-4FE8-A1A4-11BB3A952500}" coords="(0,0,24,24)"/>
        </link>
      </links>
      <icon>
        <ID/>
        <iconFontName>jdIonicons</iconFontName>
        <iconCode>62418</iconCode>
      </icon>
      <URL>91852B86E51F760894554368302F9800.svg</URL>
    </control>
    <control controlID="44AFC9A2-4090-40B0-A842-05669BE82775" controlTypeID="Button" x="113" y="440" w="120" h="48" zOrder="4">
      <color>4278229452</color>
      <links eventType="AtClick" animate="AmNone" animateAutoDelay="0" animateDuration="500">
        <link targetPageID="22301BE2-C178-46E9-9A08-1CDF7927ECBA" linkType="ltPageLink" isApplyIncludePage="False" title="Booking">
          <area shape="0" alt="" ID="{6E38155D-EFA8-4055-B864-EFF4A6E93013}" coords="(0,0,120,48)"/>
        </link>
      </links>
      <font family="Segoe+UI" displayName="Segoe+UI" postScript="" weightStyle="Regular" weight="400" isBold="False" isItalic="False"/>
      <text>Cancel+-+Pending</text>
      <textColor>4294967295</textColor>
      <lineSpacing>0</lineSpacing>
      <selectedIndex>-1</selectedIndex>
    </control>
  </controls>
  <param>
    <backgroundColor>4294967295</backgroundColor>
    <fontSize>0</fontSize>
    <fontFamily/>
    <guideLines/>
  </param>
</mockup>