﻿<mockup version="5.3" minAllowVersion="5.3" ID="7B3A7975-8A4D-4F83-A891-6D8991AF3908" platform="MtMobile" defaultW="375" defaultH="667" measureW="375" measureH="667" screenOrientation="MoPortrait" mobileScreenScale="1.77777779102325" clipArea="(0,0,0,0)">
  <controls controlCount="10">
    <control controlID="EFAA255B-E47F-49C5-932E-124820596E8D" controlTypeID="Panel" x="0" y="0" w="375" h="667" zOrder="0">
      <color>4278216345</color>
      <borderColor>4278190182</borderColor>
      <groupChildrenDescriptors>
        <control controlID="5BB87071-770A-478F-85F8-3D01ACEC414C" controlTypeID="Panel" x="13" y="78" w="350" h="513" zOrder="0">
          <borderColor>4278190182</borderColor>
          <groupChildrenDescriptors>
            <control controlID="E6510C09-9A69-4DA8-BF71-40887ED36532" controlTypeID="TextInput" x="54" y="118" w="246" h="44" zOrder="0">
              <borderColor>4278190182</borderColor>
              <font family="Segoe+UI" displayName="Segoe+UI" postScript="" weightStyle="Regular" weight="400" isBold="False" isItalic="False" useDefaultFontFamily="False"/>
              <text>Username</text>
              <textColor>4278190182</textColor>
              <textSize>16</textSize>
              <lineSpacing>0</lineSpacing>
              <useDefaultTextSize>False</useDefaultTextSize>
              <selectedIndex>-1</selectedIndex>
              <radius>100</radius>
              <radiusIsPercent>True</radiusIsPercent>
            </control>
            <control controlID="34FC4B84-FCE3-4E70-9AA2-B5A6BF42AA44" controlTypeID="Label" x="58" y="36" w="170" h="27" zOrder="1">
              <font family="Segoe+UI" displayName="Segoe+UI" postScript="" weightStyle="Regular" weight="400" isBold="False" isItalic="False" useDefaultFontFamily="False"/>
              <text>ACCOUNT+WIZARD</text>
              <textColor>4278190182</textColor>
              <textSize>20</textSize>
              <lineSpacing>0</lineSpacing>
              <useDefaultTextSize>False</useDefaultTextSize>
              <selectedIndex>-1</selectedIndex>
            </control>
            <control controlID="4DD80664-E95D-4603-9405-4BF488A79074" controlTypeID="TextInput" x="54" y="203" w="246" h="44" zOrder="2">
              <borderColor>4278190182</borderColor>
              <font family="Segoe+UI" displayName="Segoe+UI" postScript="" weightStyle="Regular" weight="400" isBold="False" isItalic="False" useDefaultFontFamily="False"/>
              <text>Password</text>
              <textColor>4278190182</textColor>
              <textSize>16</textSize>
              <lineSpacing>0</lineSpacing>
              <useDefaultTextSize>False</useDefaultTextSize>
              <selectedIndex>-1</selectedIndex>
              <radius>100</radius>
              <radiusIsPercent>True</radiusIsPercent>
            </control>
            <control controlID="705EB3D8-5116-4A9F-A562-A96B175E9F03" controlTypeID="Border" x="0" y="0" w="350" h="513" zOrder="3">
              <borderColor>4278190182</borderColor>
              <alias>borderLayer</alias>
            </control>
          </groupChildrenDescriptors>
          <thinkness>1</thinkness>
        </control>
        <control controlID="7ED8B33C-4C7C-4412-A053-04AC8BF882A7" controlTypeID="Button" x="64" y="365" w="248" h="48" zOrder="1">
          <color>4278190182</color>
          <borderVisible>False</borderVisible>
          <links eventType="AtClick" animate="AmNone" animateAutoDelay="0" animateDuration="500">
            <link targetPageID="22301BE2-C178-46E9-9A08-1CDF7927ECBA" linkType="ltPageLink" isApplyIncludePage="False" title="Booking">
              <area shape="0" alt="" ID="{18B05A0F-9F79-42BC-AA01-5998A0F6D56F}" coords="(0,0,248,48)"/>
            </link>
          </links>
          <font family="Segoe+UI" displayName="Segoe+UI" postScript="" weightStyle="Regular" weight="400" isBold="False" isItalic="False" useDefaultFontFamily="False"/>
          <text>Login</text>
          <textColor>4294967295</textColor>
          <textSize>12</textSize>
          <lineSpacing>0</lineSpacing>
          <selectedIndex>-1</selectedIndex>
          <radius>100</radius>
          <radiusIsPercent>True</radiusIsPercent>
        </control>
        <control controlID="95C6FA55-F096-4AC5-BB21-AC15CC223D35" controlTypeID="Border" x="0" y="0" w="375" h="667" zOrder="2">
          <borderColor>4278190182</borderColor>
          <alias>borderLayer</alias>
        </control>
      </groupChildrenDescriptors>
      <thinkness>1</thinkness>
    </control>
    <control controlID="4CD7C532-5F92-43A4-ADAA-86DEADA089ED" controlTypeID="Link" x="181" y="448" w="143" h="19" zOrder="1">
      <links eventType="AtClick" animate="AmNone" animateAutoDelay="0" animateDuration="500">
        <link targetPageID="2D7AF770-6E1B-4C44-AFB8-7862D5C56A77" linkType="ltPageLink" isApplyIncludePage="False" title="signup">
          <area shape="0" alt="" ID="{E48C56EF-DA9D-46BF-8C49-DB5D1BC69226}" coords="(0,0,143,19)"/>
        </link>
      </links>
      <font family="Segoe+UI" displayName="Segoe+UI" postScript="" weightStyle="Regular" weight="400" isBold="False" isItalic="False"/>
      <text>New+Member%3F+Sign+Up</text>
      <textSize>14</textSize>
      <lineSpacing>0</lineSpacing>
      <selectedIndex>-1</selectedIndex>
    </control>
    <control controlID="3DADBA76-FECC-4A89-BC2F-2F3DE706FC17" controlTypeID="Icon" x="20" y="28" w="24" h="24" zOrder="2">
      <color>4294967295</color>
      <links eventType="AtClick" animate="AmNone" animateAutoDelay="0" animateDuration="500">
        <link targetPageID="910EC8AE-1298-48E3-8D06-04B6ACB21CAD" linkType="ltPageLink" isApplyIncludePage="False" title="Home">
          <area shape="0" alt="" ID="{9CA27CF4-CFFD-4F12-BFC7-68D567B88905}" coords="(0,0,24,24)"/>
        </link>
      </links>
      <icon>
        <ID/>
        <iconFontName>jdIonicons</iconFontName>
        <iconCode>62415</iconCode>
      </icon>
      <URL>D6859759E093AABA6D618DD6AA733504.svg</URL>
    </control>
  </controls>
  <param>
    <backgroundColor>4294967295</backgroundColor>
    <fontSize>0</fontSize>
    <fontFamily/>
    <guideLines/>
  </param>
</mockup>