﻿<mockup version="5.3" minAllowVersion="5.3" ID="8DF65CA2-9698-4DEB-BC96-7026EE4D6979" platform="MtMobile" defaultW="375" defaultH="667" measureW="375" measureH="667" screenOrientation="MoPortrait" mobileScreenScale="1.77777779102325">
  <controls controlCount="12">
    <control controlID="48FDC88E-C97D-4593-919F-25AA2A540EBC" controlTypeID="Panel" x="0" y="0" w="375" h="667" zOrder="0">
      <color>4278229452</color>
      <groupChildrenDescriptors>
        <control controlID="BD4946DE-48BD-4401-A1FD-688ED46C8EE2" controlTypeID="Border" x="0" y="0" w="375" h="667" zOrder="0">
          <alias>borderLayer</alias>
        </control>
      </groupChildrenDescriptors>
      <thinkness>1</thinkness>
    </control>
    <control controlID="6E5BD7D6-CB7C-41A9-BCB6-81E7FB23CAA3" controlTypeID="Panel" x="30" y="39" w="323" h="576" zOrder="1">
      <groupChildrenDescriptors>
        <control controlID="31B48FB3-7A98-41B6-B935-2920D049BCDB" controlTypeID="Border" x="0" y="0" w="323" h="576" zOrder="0">
          <alias>borderLayer</alias>
        </control>
      </groupChildrenDescriptors>
      <thinkness>1</thinkness>
    </control>
    <control controlID="972278CA-9B24-490B-8ED5-4CFF4C11D2BA" controlTypeID="Button" x="67" y="118" w="212" h="48" zOrder="2">
      <font family="Segoe+UI" displayName="Segoe+UI" postScript="" weightStyle="Regular" weight="400" isBold="False" isItalic="False" useDefaultFontFamily="False"/>
      <text>Automotive+classes</text>
      <textSize>12</textSize>
      <lineSpacing>0</lineSpacing>
      <selectedIndex>-1</selectedIndex>
      <radius>100</radius>
      <radiusIsPercent>True</radiusIsPercent>
    </control>
    <control controlID="EB6FB7CF-C0B8-43D5-B84E-95551841F229" controlTypeID="Button" x="67" y="216" w="221" h="48" zOrder="3">
      <font family="Segoe+UI" displayName="Segoe+UI" postScript="" weightStyle="Regular" weight="400" isBold="False" isItalic="False" useDefaultFontFamily="False"/>
      <text>Car+Model</text>
      <textSize>12</textSize>
      <lineSpacing>0</lineSpacing>
      <selectedIndex>-1</selectedIndex>
      <radius>100</radius>
      <radiusIsPercent>True</radiusIsPercent>
    </control>
    <control controlID="89FF9EC6-96F3-4C61-910E-C86B8373AB4D" controlTypeID="Button" x="68" y="303" w="221" h="48" zOrder="4">
      <font family="Segoe+UI" displayName="Segoe+UI" postScript="" weightStyle="Regular" weight="400" isBold="False" isItalic="False" useDefaultFontFamily="False"/>
      <text>Booked+Space+At+What+Time</text>
      <textSize>12</textSize>
      <lineSpacing>0</lineSpacing>
      <selectedIndex>-1</selectedIndex>
      <radius>100</radius>
      <radiusIsPercent>True</radiusIsPercent>
    </control>
    <control controlID="535A62FA-0789-495D-9D66-46521019AB65" controlTypeID="Button" x="68" y="375" w="232" h="48" zOrder="5">
      <font family="Segoe+UI" displayName="Segoe+UI" postScript="" weightStyle="Regular" weight="400" isBold="False" isItalic="False" useDefaultFontFamily="False"/>
      <text>Customer+Name</text>
      <textSize>12</textSize>
      <lineSpacing>0</lineSpacing>
      <selectedIndex>-1</selectedIndex>
      <radius>100</radius>
      <radiusIsPercent>True</radiusIsPercent>
    </control>
    <control controlID="9974E374-6F3C-4975-BF58-C8A2481775CD" controlTypeID="Button" x="47" y="446" w="118" h="48" zOrder="6">
      <font family="Segoe+UI" displayName="Segoe+UI" postScript="" weightStyle="Regular" weight="400" isBold="False" isItalic="False" useDefaultFontFamily="False"/>
      <text>Employee+Name</text>
      <textSize>12</textSize>
      <lineSpacing>0</lineSpacing>
      <selectedIndex>-1</selectedIndex>
      <radius>100</radius>
      <radiusIsPercent>True</radiusIsPercent>
    </control>
    <control controlID="095B5570-F08C-4372-B9DE-11CBC77DC639" controlTypeID="Button" x="202" y="446" w="118" h="48" zOrder="7">
      <font family="Segoe+UI" displayName="Segoe+UI" postScript="" weightStyle="Regular" weight="400" isBold="False" isItalic="False" useDefaultFontFamily="False"/>
      <text>Employee+ID</text>
      <textSize>12</textSize>
      <lineSpacing>0</lineSpacing>
      <selectedIndex>-1</selectedIndex>
      <radius>100</radius>
      <radiusIsPercent>True</radiusIsPercent>
    </control>
    <control controlID="4BC47185-877A-4ABE-AEF1-05BCE66CDC63" controlTypeID="Button" x="68" y="526" w="232" h="48" zOrder="8">
      <font family="Segoe+UI" displayName="Segoe+UI" postScript="" weightStyle="Regular" weight="400" isBold="False" isItalic="False" useDefaultFontFamily="False"/>
      <text>Make+Payment</text>
      <textSize>12</textSize>
      <lineSpacing>0</lineSpacing>
      <selectedIndex>-1</selectedIndex>
      <radius>100</radius>
      <radiusIsPercent>True</radiusIsPercent>
    </control>
    <control controlID="F8012037-E96A-4133-A6E6-0C6794C720B3" controlTypeID="Button" x="65" y="16" w="238" h="48" zOrder="9">
      <color>4278242355</color>
      <links eventType="AtClick" animate="AmNone" animateAutoDelay="0" animateDuration="500">
        <link targetPageID="22301BE2-C178-46E9-9A08-1CDF7927ECBA" linkType="ltPageLink" isApplyIncludePage="False" title="Booking">
          <area shape="0" alt="" ID="{A7B20007-7756-49AE-966C-7F6D6C5C2AB1}" coords="(0,0,238,48)"/>
        </link>
      </links>
      <font family="Segoe+UI" displayName="Segoe+UI" postScript="" weightStyle="Regular" weight="400" isBold="False" isItalic="False"/>
      <text>succesfully+paid!+Okay</text>
      <textColor>4294967295</textColor>
      <lineSpacing>0</lineSpacing>
      <selectedIndex>-1</selectedIndex>
    </control>
  </controls>
  <param>
    <backgroundColor>4294967295</backgroundColor>
    <fontSize>0</fontSize>
    <fontFamily/>
    <guideLines/>
  </param>
</mockup>