﻿<mockup version="5.3" minAllowVersion="5.3" ID="910EC8AE-1298-48E3-8D06-04B6ACB21CAD" platform="MtMobile" defaultW="375" defaultH="667" measureW="375" measureH="667" screenOrientation="MoPortrait" mobileScreenScale="1.77777779102325" clipArea="(0,0,0,0)">
  <controls controlCount="20">
    <control controlID="7E19B829-B3D7-4405-9E70-745DE8ADD139" controlTypeID="Panel" x="0" y="0" w="375" h="667" zOrder="0">
      <color>4278216345</color>
      <borderColor>4278190182</borderColor>
      <groupChildrenDescriptors>
        <control controlID="44CEED9E-31F5-467F-97AA-6F6F18F26C73" controlTypeID="Map" x="0" y="-4" w="375" h="671" zOrder="0"/>
        <control controlID="3EC08101-DD5A-440B-9FAD-67D1A11B5C60" controlTypeID="Border" x="0" y="0" w="375" h="667" zOrder="1">
          <borderColor>4278190182</borderColor>
          <alias>borderLayer</alias>
        </control>
      </groupChildrenDescriptors>
      <thinkness>1</thinkness>
    </control>
    <control controlID="036C7BD4-C558-412D-8297-B8FCF4059004" controlTypeID="Icon" x="70" y="66" w="24" h="24" zOrder="1">
      <links eventType="AtClick" animate="AmNone" animateAutoDelay="0" animateDuration="500">
        <link targetPageID="7B3A7975-8A4D-4F83-A891-6D8991AF3908" linkType="ltPageLink" isApplyIncludePage="False" title="signin">
          <area shape="0" alt="" ID="{233C8199-277E-47A2-9155-C89E1053E422}" coords="(0,0,24,24)"/>
        </link>
      </links>
      <icon>
        <ID/>
        <iconFontName>jdIonicons</iconFontName>
        <iconCode>62371</iconCode>
      </icon>
      <URL>474A61FDC203C97B2EEFAF494C017CCB.svg</URL>
    </control>
    <control controlID="76F87698-60A9-4517-A2F2-B702F5E97201" controlTypeID="Icon" x="220" y="493" w="24" h="24" zOrder="2">
      <links eventType="AtClick" animate="AmNone" animateAutoDelay="0" animateDuration="500">
        <link targetPageID="7B3A7975-8A4D-4F83-A891-6D8991AF3908" linkType="ltPageLink" isApplyIncludePage="False" title="signin">
          <area shape="0" alt="" ID="{7FB719D3-A6E4-4B8D-AA29-26411BC690DE}" coords="(0,0,24,24)"/>
        </link>
      </links>
      <icon>
        <ID/>
        <iconFontName>jdIonicons</iconFontName>
        <iconCode>62371</iconCode>
      </icon>
      <URL>474A61FDC203C97B2EEFAF494C017CCB.svg</URL>
    </control>
    <control controlID="CCD77CCA-A0A3-4863-9301-21AD0689F8FF" controlTypeID="Icon" x="103" y="538" w="24" h="24" zOrder="3">
      <links eventType="AtClick" animate="AmNone" animateAutoDelay="0" animateDuration="500">
        <link targetPageID="7B3A7975-8A4D-4F83-A891-6D8991AF3908" linkType="ltPageLink" isApplyIncludePage="False" title="signin">
          <area shape="0" alt="" ID="{0424496F-7F2D-4986-9AA5-85CE07BF44AE}" coords="(0,0,24,24)"/>
        </link>
      </links>
      <icon>
        <ID/>
        <iconFontName>jdIonicons</iconFontName>
        <iconCode>62371</iconCode>
      </icon>
      <URL>474A61FDC203C97B2EEFAF494C017CCB.svg</URL>
    </control>
    <control controlID="92870827-77E2-4E2F-9AC5-1C6B73132269" controlTypeID="Icon" x="224" y="209" w="24" h="24" zOrder="4">
      <links eventType="AtClick" animate="AmNone" animateAutoDelay="0" animateDuration="500">
        <link targetPageID="7B3A7975-8A4D-4F83-A891-6D8991AF3908" linkType="ltPageLink" isApplyIncludePage="False" title="signin">
          <area shape="0" alt="" ID="{7CFB830B-3379-4468-93EE-98BEAD4829D9}" coords="(0,0,24,24)"/>
        </link>
      </links>
      <icon>
        <ID/>
        <iconFontName>jdIonicons</iconFontName>
        <iconCode>62371</iconCode>
      </icon>
      <URL>474A61FDC203C97B2EEFAF494C017CCB.svg</URL>
    </control>
    <control controlID="BFEC2B0F-2AE7-475D-B48D-11E97B2111FA" controlTypeID="Icon" x="258" y="338" w="24" h="24" zOrder="5">
      <links eventType="AtClick" animate="AmNone" animateAutoDelay="0" animateDuration="500">
        <link targetPageID="7B3A7975-8A4D-4F83-A891-6D8991AF3908" linkType="ltPageLink" isApplyIncludePage="False" title="signin">
          <area shape="0" alt="" ID="{7668AAAF-8772-41F5-ABF3-E95481669443}" coords="(0,0,24,24)"/>
        </link>
      </links>
      <icon>
        <ID/>
        <iconFontName>jdIonicons</iconFontName>
        <iconCode>62371</iconCode>
      </icon>
      <URL>474A61FDC203C97B2EEFAF494C017CCB.svg</URL>
    </control>
    <control controlID="CC3C915D-9033-4421-AAF7-3320AF8BA83B" controlTypeID="Icon" x="46" y="234" w="24" h="24" zOrder="6">
      <links eventType="AtClick" animate="AmNone" animateAutoDelay="0" animateDuration="500">
        <link targetPageID="7B3A7975-8A4D-4F83-A891-6D8991AF3908" linkType="ltPageLink" isApplyIncludePage="False" title="signin">
          <area shape="0" alt="" ID="{BC9155FE-B008-4DF8-B408-61F9A83DF704}" coords="(0,0,24,24)"/>
        </link>
      </links>
      <icon>
        <ID/>
        <iconFontName>jdIonicons</iconFontName>
        <iconCode>62371</iconCode>
      </icon>
      <URL>474A61FDC203C97B2EEFAF494C017CCB.svg</URL>
    </control>
    <control controlID="8ABFA961-6EC4-46F5-881A-41846074B081" controlTypeID="Icon" x="176" y="78" w="24" h="24" zOrder="7">
      <links eventType="AtClick" animate="AmNone" animateAutoDelay="0" animateDuration="500">
        <link targetPageID="7B3A7975-8A4D-4F83-A891-6D8991AF3908" linkType="ltPageLink" isApplyIncludePage="False" title="signin">
          <area shape="0" alt="" ID="{5BBC1C7C-E6A2-4E58-B593-0805AFCA626B}" coords="(0,0,24,24)"/>
        </link>
      </links>
      <icon>
        <ID/>
        <iconFontName>jdIonicons</iconFontName>
        <iconCode>62371</iconCode>
      </icon>
      <URL>474A61FDC203C97B2EEFAF494C017CCB.svg</URL>
    </control>
    <control controlID="88434AB7-11F1-4A7A-895A-786F3E70767A" controlTypeID="Icon" x="149" y="152" w="24" h="24" zOrder="8">
      <links eventType="AtClick" animate="AmNone" animateAutoDelay="0" animateDuration="500">
        <link targetPageID="7B3A7975-8A4D-4F83-A891-6D8991AF3908" linkType="ltPageLink" isApplyIncludePage="False" title="signin">
          <area shape="0" alt="" ID="{076935B7-9A7F-4E0E-A675-546E2F6F6172}" coords="(0,0,24,24)"/>
        </link>
      </links>
      <icon>
        <ID/>
        <iconFontName>jdIonicons</iconFontName>
        <iconCode>62371</iconCode>
      </icon>
      <URL>474A61FDC203C97B2EEFAF494C017CCB.svg</URL>
    </control>
    <control controlID="954EC95C-BEC7-4EDE-BF63-2998B06A039A" controlTypeID="Icon" x="308" y="175" w="24" h="24" zOrder="9">
      <links eventType="AtClick" animate="AmNone" animateAutoDelay="0" animateDuration="500">
        <link targetPageID="7B3A7975-8A4D-4F83-A891-6D8991AF3908" linkType="ltPageLink" isApplyIncludePage="False" title="signin">
          <area shape="0" alt="" ID="{4D9778BB-75C4-44E0-8E16-0E9D66D2987E}" coords="(0,0,24,24)"/>
        </link>
      </links>
      <icon>
        <ID/>
        <iconFontName>jdIonicons</iconFontName>
        <iconCode>62371</iconCode>
      </icon>
      <URL>474A61FDC203C97B2EEFAF494C017CCB.svg</URL>
    </control>
    <control controlID="DD553EA7-FFF9-4BCD-A0D8-AAFA991A3FF0" controlTypeID="Icon" x="229" y="284" w="24" h="24" zOrder="10">
      <links eventType="AtClick" animate="AmNone" animateAutoDelay="0" animateDuration="500">
        <link targetPageID="7B3A7975-8A4D-4F83-A891-6D8991AF3908" linkType="ltPageLink" isApplyIncludePage="False" title="signin">
          <area shape="0" alt="" ID="{D80D6E2C-27DE-4DB9-858E-0034BDB32517}" coords="(0,0,24,24)"/>
        </link>
      </links>
      <icon>
        <ID/>
        <iconFontName>jdIonicons</iconFontName>
        <iconCode>62371</iconCode>
      </icon>
      <URL>474A61FDC203C97B2EEFAF494C017CCB.svg</URL>
    </control>
    <control controlID="2FC948A5-12FD-4599-BD0F-13E41D5860AA" controlTypeID="Icon" x="97" y="309" w="24" h="24" zOrder="11">
      <links eventType="AtClick" animate="AmNone" animateAutoDelay="0" animateDuration="500">
        <link targetPageID="7B3A7975-8A4D-4F83-A891-6D8991AF3908" linkType="ltPageLink" isApplyIncludePage="False" title="signin">
          <area shape="0" alt="" ID="{742CCBE1-CE1B-46FD-A88E-8907FA756580}" coords="(0,0,24,24)"/>
        </link>
      </links>
      <icon>
        <ID/>
        <iconFontName>jdIonicons</iconFontName>
        <iconCode>62371</iconCode>
      </icon>
      <URL>474A61FDC203C97B2EEFAF494C017CCB.svg</URL>
    </control>
    <control controlID="FA66E516-F9ED-463F-9D9C-B3ADFE6A7E67" controlTypeID="Icon" x="351" y="426" w="24" h="24" zOrder="12">
      <links eventType="AtClick" animate="AmNone" animateAutoDelay="0" animateDuration="500">
        <link targetPageID="7B3A7975-8A4D-4F83-A891-6D8991AF3908" linkType="ltPageLink" isApplyIncludePage="False" title="signin">
          <area shape="0" alt="" ID="{38923143-68FC-426C-847C-A434972EF022}" coords="(0,0,24,24)"/>
        </link>
      </links>
      <icon>
        <ID/>
        <iconFontName>jdIonicons</iconFontName>
        <iconCode>62371</iconCode>
      </icon>
      <URL>474A61FDC203C97B2EEFAF494C017CCB.svg</URL>
    </control>
    <control controlID="972EC0DC-CF65-4B18-9FD6-1B1DDDB47EB9" controlTypeID="Icon" x="176" y="420" w="24" h="24" zOrder="13">
      <links eventType="AtClick" animate="AmNone" animateAutoDelay="0" animateDuration="500">
        <link targetPageID="7B3A7975-8A4D-4F83-A891-6D8991AF3908" linkType="ltPageLink" isApplyIncludePage="False" title="signin">
          <area shape="0" alt="" ID="{79517464-7AB4-4F11-8E29-9CC329F7A8D5}" coords="(0,0,24,24)"/>
        </link>
      </links>
      <icon>
        <ID/>
        <iconFontName>jdIonicons</iconFontName>
        <iconCode>62371</iconCode>
      </icon>
      <URL>474A61FDC203C97B2EEFAF494C017CCB.svg</URL>
    </control>
    <control controlID="D43C34E5-508D-4408-BEB0-1F90EA3F86DE" controlTypeID="Icon" x="92" y="414" w="24" h="24" zOrder="14">
      <links eventType="AtClick" animate="AmNone" animateAutoDelay="0" animateDuration="500">
        <link targetPageID="7B3A7975-8A4D-4F83-A891-6D8991AF3908" linkType="ltPageLink" isApplyIncludePage="False" title="signin">
          <area shape="0" alt="" ID="{5B0403A5-A67C-484A-A393-02F134ED3781}" coords="(0,0,24,24)"/>
        </link>
      </links>
      <icon>
        <ID/>
        <iconFontName>jdIonicons</iconFontName>
        <iconCode>62371</iconCode>
      </icon>
      <URL>474A61FDC203C97B2EEFAF494C017CCB.svg</URL>
    </control>
    <control controlID="43BD7A8F-C181-455E-A7F7-4266C8F1D318" controlTypeID="Icon" x="264" y="553" w="24" h="24" zOrder="15">
      <links eventType="AtClick" animate="AmNone" animateAutoDelay="0" animateDuration="500">
        <link targetPageID="7B3A7975-8A4D-4F83-A891-6D8991AF3908" linkType="ltPageLink" isApplyIncludePage="False" title="signin">
          <area shape="0" alt="" ID="{52F53E55-89D1-4933-BD9A-62D2BAEE3B3C}" coords="(0,0,24,24)"/>
        </link>
      </links>
      <icon>
        <ID/>
        <iconFontName>jdIonicons</iconFontName>
        <iconCode>62371</iconCode>
      </icon>
      <URL>474A61FDC203C97B2EEFAF494C017CCB.svg</URL>
    </control>
    <control controlID="4FB4EDB1-5311-43E3-AEF7-4F112D3167AF" controlTypeID="Icon" x="10" y="408" w="24" h="24" zOrder="16">
      <links eventType="AtClick" animate="AmNone" animateAutoDelay="0" animateDuration="500">
        <link targetPageID="7B3A7975-8A4D-4F83-A891-6D8991AF3908" linkType="ltPageLink" isApplyIncludePage="False" title="signin">
          <area shape="0" alt="" ID="{0ECEE3EA-B662-4126-8A45-B37E73D13EDA}" coords="(0,0,24,24)"/>
        </link>
      </links>
      <icon>
        <ID/>
        <iconFontName>jdIonicons</iconFontName>
        <iconCode>62371</iconCode>
      </icon>
      <URL>474A61FDC203C97B2EEFAF494C017CCB.svg</URL>
    </control>
    <control controlID="220A37B7-FB65-4823-A6D4-AA5751675D63" controlTypeID="Icon" x="195" y="616" w="24" h="24" zOrder="17">
      <links eventType="AtClick" animate="AmNone" animateAutoDelay="0" animateDuration="500">
        <link targetPageID="7B3A7975-8A4D-4F83-A891-6D8991AF3908" linkType="ltPageLink" isApplyIncludePage="False" title="signin">
          <area shape="0" alt="" ID="{2E95C607-7B3B-45FA-B7E8-BA22BA08F1EA}" coords="(0,0,24,24)"/>
        </link>
      </links>
      <icon>
        <ID/>
        <iconFontName>jdIonicons</iconFontName>
        <iconCode>62371</iconCode>
      </icon>
      <URL>474A61FDC203C97B2EEFAF494C017CCB.svg</URL>
    </control>
  </controls>
  <param>
    <backgroundColor>4294967295</backgroundColor>
    <fontSize>0</fontSize>
    <fontFamily/>
    <guideLines/>
  </param>
</mockup>