﻿<mockup version="5.3" minAllowVersion="5.3" ID="95AB3C52-DD30-4DA2-B4E0-FA032AF36FB5" platform="MtMobile" defaultW="375" defaultH="667" measureW="375" measureH="667" screenOrientation="MoPortrait" mobileScreenScale="1.77777779102325">
  <controls controlCount="5">
    <control controlID="1F4235A0-A04F-4559-ACFD-EDD1F566AED6" controlTypeID="Panel" x="0" y="0" w="375" h="667" zOrder="0">
      <color>4278216345</color>
      <borderColor>16777215</borderColor>
      <groupChildrenDescriptors>
        <control controlID="4BAF3647-42DD-46D2-91A4-9714FC1267D2" controlTypeID="Label" x="25" y="260" w="210" h="42" zOrder="0">
          <font family="Snap+ITC" displayName="Snap+ITC" postScript="" weightStyle="Regular" weight="400" isBold="False" isItalic="False" useDefaultFontFamily="False"/>
          <text>WELCOME+</text>
          <textColor>4294967295</textColor>
          <textSize>32</textSize>
          <lineSpacing>0</lineSpacing>
          <useDefaultTextSize>False</useDefaultTextSize>
          <selectedIndex>-1</selectedIndex>
        </control>
        <control controlID="10C43616-F644-48E0-868B-C6206899C666" controlTypeID="Label" x="139" y="307" w="226" h="42" zOrder="1">
          <font family="Snap+ITC" displayName="Snap+ITC" postScript="" weightStyle="Regular" weight="400" isBold="False" isItalic="False" useDefaultFontFamily="False"/>
          <text>MY+FRIEND</text>
          <textColor>4294967295</textColor>
          <textSize>32</textSize>
          <lineSpacing>0</lineSpacing>
          <useDefaultTextSize>False</useDefaultTextSize>
          <selectedIndex>-1</selectedIndex>
        </control>
        <control controlID="B39361DE-F09C-4C43-8631-2C9EEBA6DF00" controlTypeID="Button" x="117" y="480" w="142" h="48" zOrder="2">
          <borderVisible>False</borderVisible>
          <links eventType="AtClick" animate="AmNone" animateAutoDelay="0" animateDuration="500">
            <link targetPageID="910EC8AE-1298-48E3-8D06-04B6ACB21CAD" linkType="ltPageLink" isApplyIncludePage="False" title="Home">
              <area shape="0" alt="" ID="{7B72585E-A454-4928-87B8-7AF3D4C96573}" coords="(0,0,142,48)"/>
            </link>
          </links>
          <font family="Segoe+UI" displayName="Segoe+UI" postScript="" weightStyle="Regular" weight="400" isBold="False" isItalic="False" useDefaultFontFamily="False"/>
          <text>Let's+Get+Started</text>
          <textSize>12</textSize>
          <lineSpacing>0</lineSpacing>
          <selectedIndex>-1</selectedIndex>
          <radius>100</radius>
          <radiusIsPercent>True</radiusIsPercent>
        </control>
        <control controlID="9ED49D29-5582-4DB5-A669-1F6534C46FF2" controlTypeID="Border" x="0" y="0" w="375" h="667" zOrder="3">
          <borderColor>16777215</borderColor>
          <alias>borderLayer</alias>
        </control>
      </groupChildrenDescriptors>
      <thinkness>1</thinkness>
    </control>
  </controls>
  <param>
    <backgroundColor>4294967295</backgroundColor>
    <fontSize>0</fontSize>
    <fontFamily/>
    <guideLines/>
  </param>
</mockup>