﻿<mockup version="5.3" minAllowVersion="5.3" ID="AC83D1F0-0E61-4959-89AA-66ADDD91EB82" platform="MtMobile" defaultW="375" defaultH="667" measureW="375" measureH="667" screenOrientation="MoPortrait" mobileScreenScale="1.77777779102325">
  <controls controlCount="6">
    <control controlID="B3178C42-6DDA-4E11-8365-E76ACC7A8AB6" controlTypeID="Panel" x="0" y="0" w="375" h="667" zOrder="0">
      <color>4278229452</color>
      <groupChildrenDescriptors>
        <control controlID="258960EC-EC41-4845-B85F-AE27282E82D5" controlTypeID="Border" x="0" y="0" w="375" h="667" zOrder="0">
          <alias>borderLayer</alias>
        </control>
      </groupChildrenDescriptors>
      <thinkness>1</thinkness>
    </control>
    <control controlID="2841B31A-8ED2-4B68-9F04-EC5C00EAD929" controlTypeID="Panel" x="14" y="39" w="349" h="608" zOrder="1">
      <groupChildrenDescriptors>
        <control controlID="DF3D8C4E-29A0-4B3A-B1D0-1054E5D8091B" controlTypeID="Border" x="0" y="0" w="349" h="608" zOrder="0">
          <alias>borderLayer</alias>
        </control>
      </groupChildrenDescriptors>
      <thinkness>1</thinkness>
    </control>
    <control controlID="7590CF13-DC5B-4117-A694-77AC47954E99" controlTypeID="List" x="26" y="111" w="329" h="529" zOrder="2">
      <font family="Segoe+UI" displayName="Segoe+UI" postScript="" weightStyle="Regular" weight="400" isBold="False" isItalic="False"/>
      <text>Messages%0D%0A4%2F01%2F2021+-+Tomorrow+we+will+be+not+opening%0D%0A25%2F07%2F2021+-+free+services+to+loyal+customers%0D%0A2%2F15%2F2021+-+We+are+giving+discount+half+price+to+day</text>
      <textSize>14</textSize>
      <lineSpacing>0</lineSpacing>
      <itemHeight>48</itemHeight>
    </control>
    <control controlID="44AAA429-3120-43A9-BD82-F0C8EC8EF615" controlTypeID="Icon" x="26" y="67" w="24" h="24" zOrder="3">
      <links eventType="AtClick" animate="AmNone" animateAutoDelay="0" animateDuration="500">
        <link targetPageID="22301BE2-C178-46E9-9A08-1CDF7927ECBA" linkType="ltPageLink" isApplyIncludePage="False" title="Booking">
          <area shape="0" alt="" ID="{10592DBF-93B3-4FE8-A1A4-11BB3A952500}" coords="(0,0,24,24)"/>
        </link>
      </links>
      <icon>
        <ID/>
        <iconFontName>jdIonicons</iconFontName>
        <iconCode>62418</iconCode>
      </icon>
      <URL>91852B86E51F760894554368302F9800.svg</URL>
    </control>
  </controls>
  <param>
    <backgroundColor>4294967295</backgroundColor>
    <fontSize>0</fontSize>
    <fontFamily/>
    <guideLines/>
  </param>
</mockup>