﻿<mockup version="5.3" minAllowVersion="5.3" ID="ADB7D7E6-72DD-4C01-AE0B-644E1F63BD8B" platform="MtMobile" defaultW="375" defaultH="667" measureW="375" measureH="667" screenOrientation="MoPortrait" mobileScreenScale="1.77777779102325" clipArea="(0,0,0,0)">
  <controls controlCount="17">
    <control controlID="1AEEA01A-2326-4DDF-9FE6-629BCBFD3C7D" controlTypeID="Panel" x="0" y="0" w="375" h="662" zOrder="0">
      <groupChildrenDescriptors>
        <control controlID="289CCEBA-4580-435D-A693-5520393657EE" controlTypeID="Border" x="0" y="0" w="375" h="662" zOrder="0">
          <alias>borderLayer</alias>
        </control>
      </groupChildrenDescriptors>
      <thinkness>1</thinkness>
    </control>
    <control controlID="50AD04BB-BF69-4EDA-B1B8-79FFCE751C2D" controlTypeID="Panel" x="0" y="0" w="375" h="667" zOrder="1">
      <groupChildrenDescriptors>
        <control controlID="536774B8-5C1C-4A9A-AF74-B21E4FA563E4" controlTypeID="Icon" x="331" y="20" w="24" h="24" zOrder="0">
          <links eventType="AtClick" animate="AmNone" animateAutoDelay="0" animateDuration="500">
            <link targetPageID="ADB7D7E6-72DD-4C01-AE0B-644E1F63BD8B" linkType="ltPageLink" isApplyIncludePage="False" title="profile">
              <area shape="0" alt="" ID="{89B7F433-B600-4A5F-BA16-FA8B488916FD}" coords="(0,0,24,24)"/>
            </link>
          </links>
          <icon>
            <ID/>
            <iconFontName>jdIonicons</iconFontName>
            <iconCode>62359</iconCode>
          </icon>
          <URL>92A37C37F1C55861F795B008D0D7225E.svg</URL>
        </control>
        <control controlID="9635B21B-1129-453F-B9E0-A4E9BFCCD1CB" controlTypeID="Border" x="0" y="0" w="375" h="667" zOrder="1">
          <alias>borderLayer</alias>
        </control>
      </groupChildrenDescriptors>
      <thinkness>1</thinkness>
    </control>
    <control controlID="0F240369-BFCE-4583-BCF2-50597E7C4B23" controlTypeID="Icon" x="24" y="24" w="24" h="24" zOrder="2">
      <links eventType="AtClick" animate="AmNone" animateAutoDelay="0" animateDuration="500">
        <link targetPageID="ADB7D7E6-72DD-4C01-AE0B-644E1F63BD8B" linkType="ltPageLink" isApplyIncludePage="False" title="profile">
          <area shape="0" alt="" ID="{5D6F841F-7196-4F49-8BFE-71B87380F3F8}" coords="(0,0,24,24)"/>
        </link>
      </links>
      <icon>
        <ID/>
        <iconFontName>jdIonicons</iconFontName>
        <iconCode>62363</iconCode>
      </icon>
      <URL>465F7420215F741122FE38BF5E1BDDD8.svg</URL>
    </control>
    <control controlID="C1954B3C-AB25-4AC2-8020-999FDD4659F6" controlTypeID="Button" x="102" y="183" w="171" h="48" zOrder="3">
      <color>4278229452</color>
      <font family="Segoe+UI" displayName="Segoe+UI" postScript="" weightStyle="Regular" weight="400" isBold="False" isItalic="False"/>
      <text>Make+a+Book%0D%0A</text>
      <textColor>4294967295</textColor>
      <textSize>20</textSize>
      <lineSpacing>0</lineSpacing>
      <useDefaultTextSize>False</useDefaultTextSize>
      <selectedIndex>-1</selectedIndex>
    </control>
    <control controlID="B4A601BD-17E0-42FD-A9BD-79E331710C52" controlTypeID="Button" x="102" y="292" w="171" h="48" zOrder="4">
      <color>4278229452</color>
      <font family="Segoe+UI" displayName="Segoe+UI" postScript="" weightStyle="Regular" weight="400" isBold="False" isItalic="False"/>
      <text>View+My+Booking%0D%0A</text>
      <textColor>4294967295</textColor>
      <textSize>20</textSize>
      <lineSpacing>0</lineSpacing>
      <useDefaultTextSize>False</useDefaultTextSize>
      <selectedIndex>-1</selectedIndex>
    </control>
    <control controlID="E363680F-F0F2-4A60-A327-3C3ADA3B0F2F" controlTypeID="Button" x="102" y="416" w="171" h="54" zOrder="5">
      <color>4278229452</color>
      <font family="Segoe+UI" displayName="Segoe+UI" postScript="" weightStyle="Regular" weight="400" isBold="False" isItalic="False"/>
      <text>Cancel+My+Booking</text>
      <textColor>4294967295</textColor>
      <textSize>20</textSize>
      <lineSpacing>0</lineSpacing>
      <useDefaultTextSize>False</useDefaultTextSize>
      <selectedIndex>-1</selectedIndex>
    </control>
    <control controlID="40734D99-6A29-464C-AAB6-D14D197557CD" controlTypeID="Panel" x="151" y="24" w="224" h="586" zOrder="6">
      <groupChildrenDescriptors>
        <control controlID="9A275C82-6F5B-48BC-B9C7-73DF867FFFFE" controlTypeID="Border" x="0" y="0" w="224" h="586" zOrder="0">
          <alias>borderLayer</alias>
        </control>
      </groupChildrenDescriptors>
      <thinkness>1</thinkness>
    </control>
    <control controlID="D3FC5028-D967-4D31-ABC2-A90E3DE6FA86" controlTypeID="Button" x="190" y="110" w="120" h="48" zOrder="7">
      <color>4278229452</color>
      <links eventType="AtClick" animate="AmNone" animateAutoDelay="0" animateDuration="500">
        <link targetPageID="2149DD0C-4BF9-42D8-B617-B383A01AB8F5" linkType="ltPageLink" isApplyIncludePage="False" title="My+details">
          <area shape="0" alt="" ID="{CF8D88D0-8483-4190-82EF-2E70B0D57821}" coords="(0,0,120,48)"/>
        </link>
      </links>
      <font family="Segoe+UI" displayName="Segoe+UI" postScript="" weightStyle="Regular" weight="400" isBold="False" isItalic="False"/>
      <text>My+Profile%0D%0A</text>
      <lineSpacing>0</lineSpacing>
      <selectedIndex>-1</selectedIndex>
    </control>
    <control controlID="72F8A4E3-642F-47E6-BEC3-E322084E44BE" controlTypeID="Button" x="190" y="204" w="120" h="48" zOrder="8">
      <color>4278229452</color>
      <links eventType="AtClick" animate="AmNone" animateAutoDelay="0" animateDuration="500">
        <link targetPageID="FAB048E9-DE81-40E8-A089-E0DB9F65B43A" linkType="ltPageLink" isApplyIncludePage="False" title="History+Payment">
          <area shape="0" alt="" ID="{286BD062-63F0-4A61-9FBE-6F04E531E4F5}" coords="(0,0,120,48)"/>
        </link>
      </links>
      <font family="Segoe+UI" displayName="Segoe+UI" postScript="" weightStyle="Regular" weight="400" isBold="False" isItalic="False"/>
      <text>Payment+History</text>
      <lineSpacing>0</lineSpacing>
      <selectedIndex>-1</selectedIndex>
    </control>
    <control controlID="82772EEC-7832-4D93-9F57-E43EB8F3C9B0" controlTypeID="Button" x="190" y="298" w="120" h="48" zOrder="9">
      <color>4278229452</color>
      <links eventType="AtClick" animate="AmNone" animateAutoDelay="0" animateDuration="500">
        <link targetPageID="AC83D1F0-0E61-4959-89AA-66ADDD91EB82" linkType="ltPageLink" isApplyIncludePage="False" title="Messages">
          <area shape="0" alt="" ID="{5D61FAA5-D0AD-4505-864A-18DFC856AC4A}" coords="(0,0,120,48)"/>
        </link>
      </links>
      <font family="Segoe+UI" displayName="Segoe+UI" postScript="" weightStyle="Regular" weight="400" isBold="False" isItalic="False"/>
      <text>Messages</text>
      <lineSpacing>0</lineSpacing>
      <selectedIndex>-1</selectedIndex>
    </control>
    <control controlID="86DD746F-CEB8-4926-B300-51756164E386" controlTypeID="Button" x="169" y="538" w="120" h="36" zOrder="10">
      <color>4278229452</color>
      <font family="Segoe+UI" displayName="Segoe+UI" postScript="" weightStyle="Regular" weight="400" isBold="False" isItalic="False"/>
      <text>Change+Password%0D%0A</text>
      <lineSpacing>0</lineSpacing>
      <selectedIndex>-1</selectedIndex>
    </control>
    <control controlID="F1212879-E40A-44A9-9BFE-3C34C4D95C9A" controlTypeID="Icon" x="176" y="41" w="24" h="24" zOrder="11">
      <links eventType="AtClick" animate="AmNone" animateAutoDelay="0" animateDuration="500">
        <link targetPageID="22301BE2-C178-46E9-9A08-1CDF7927ECBA" linkType="ltPageLink" isApplyIncludePage="False" title="Booking">
          <area shape="0" alt="" ID="{19FC0D9E-1701-4C24-A3DC-326B16034CAC}" coords="(0,0,24,24)"/>
        </link>
      </links>
      <icon>
        <ID/>
        <iconFontName>jdIonicons</iconFontName>
        <iconCode>62167</iconCode>
      </icon>
      <URL>8BE3C7AC8FBB1747163ECAB9AB46AD44.svg</URL>
    </control>
    <control controlID="FCF782FB-0016-4085-A7DB-3DFDDFB127FA" controlTypeID="Icon" x="331" y="544" w="24" h="24" zOrder="12">
      <links eventType="AtClick" animate="AmNone" animateAutoDelay="0" animateDuration="500">
        <link targetPageID="910EC8AE-1298-48E3-8D06-04B6ACB21CAD" linkType="ltPageLink" isApplyIncludePage="False" title="Home">
          <area shape="0" alt="" ID="{57063F0F-FE87-4C26-A6D8-43D6930F7614}" coords="(0,0,24,24)"/>
        </link>
      </links>
      <icon>
        <ID/>
        <iconFontName>jdIonicons</iconFontName>
        <iconCode>62341</iconCode>
      </icon>
      <URL>691E43A0CADD5AF1CA372E5138075E19.svg</URL>
    </control>
  </controls>
  <param>
    <backgroundColor>4294967295</backgroundColor>
    <fontSize>0</fontSize>
    <fontFamily/>
    <guideLines/>
  </param>
</mockup>