﻿<mockup version="5.3" minAllowVersion="5.3" ID="B1EA8535-C5FF-4E72-914A-3FCFC6BECE1A" platform="MtMobile" defaultW="375" defaultH="667" measureW="375" measureH="667" screenOrientation="MoPortrait" mobileScreenScale="1.77777779102325" clipArea="(0,0,0,0)">
  <controls controlCount="17">
    <control controlID="62E3B2AC-4B8B-443C-9989-C3FF52EF3764" controlTypeID="Panel" x="0" y="0" w="375" h="667" zOrder="0">
      <color>4278229452</color>
      <groupChildrenDescriptors>
        <control controlID="84E4865F-5090-44B6-8644-43A60260E2E4" controlTypeID="Border" x="0" y="0" w="375" h="667" zOrder="0">
          <alias>borderLayer</alias>
        </control>
      </groupChildrenDescriptors>
      <thinkness>1</thinkness>
    </control>
    <control controlID="42ABF59F-8174-4E7D-BBD0-8364444BAB88" controlTypeID="Panel" x="30" y="39" w="323" h="576" zOrder="1">
      <groupChildrenDescriptors>
        <control controlID="CDFD8755-89B9-4385-AFE9-8D4AF6313078" controlTypeID="Border" x="0" y="0" w="323" h="576" zOrder="0">
          <alias>borderLayer</alias>
        </control>
      </groupChildrenDescriptors>
      <thinkness>1</thinkness>
    </control>
    <control controlID="39F82D26-8731-4018-BCAA-02FF9B65BE5B" controlTypeID="Button" x="67" y="118" w="212" h="48" zOrder="2">
      <font family="Segoe+UI" displayName="Segoe+UI" postScript="" weightStyle="Regular" weight="400" isBold="False" isItalic="False" useDefaultFontFamily="False"/>
      <text>Automotive+classes</text>
      <textSize>12</textSize>
      <lineSpacing>0</lineSpacing>
      <selectedIndex>-1</selectedIndex>
      <radius>100</radius>
      <radiusIsPercent>True</radiusIsPercent>
    </control>
    <control controlID="56930DBC-B905-439D-AEB1-661EDAE37457" controlTypeID="Button" x="67" y="216" w="221" h="48" zOrder="3">
      <font family="Segoe+UI" displayName="Segoe+UI" postScript="" weightStyle="Regular" weight="400" isBold="False" isItalic="False" useDefaultFontFamily="False"/>
      <text>Car+Model</text>
      <textSize>12</textSize>
      <lineSpacing>0</lineSpacing>
      <selectedIndex>-1</selectedIndex>
      <radius>100</radius>
      <radiusIsPercent>True</radiusIsPercent>
    </control>
    <control controlID="8078ED18-6A29-4B53-A9AD-4044C34063A8" controlTypeID="Button" x="68" y="303" w="221" h="48" zOrder="4">
      <font family="Segoe+UI" displayName="Segoe+UI" postScript="" weightStyle="Regular" weight="400" isBold="False" isItalic="False" useDefaultFontFamily="False"/>
      <text>Booked+Space+At+What+Time</text>
      <textSize>12</textSize>
      <lineSpacing>0</lineSpacing>
      <selectedIndex>-1</selectedIndex>
      <radius>100</radius>
      <radiusIsPercent>True</radiusIsPercent>
    </control>
    <control controlID="F6516C47-C795-4C5F-8DBF-C87FB133EC38" controlTypeID="Button" x="68" y="375" w="232" h="48" zOrder="5">
      <font family="Segoe+UI" displayName="Segoe+UI" postScript="" weightStyle="Regular" weight="400" isBold="False" isItalic="False" useDefaultFontFamily="False"/>
      <text>Customer+Name</text>
      <textSize>12</textSize>
      <lineSpacing>0</lineSpacing>
      <selectedIndex>-1</selectedIndex>
      <radius>100</radius>
      <radiusIsPercent>True</radiusIsPercent>
    </control>
    <control controlID="13BCD930-2761-4BD8-8848-CE97EF8CC66B" controlTypeID="Button" x="47" y="446" w="118" h="48" zOrder="6">
      <font family="Segoe+UI" displayName="Segoe+UI" postScript="" weightStyle="Regular" weight="400" isBold="False" isItalic="False" useDefaultFontFamily="False"/>
      <text>Employee+Name</text>
      <textSize>12</textSize>
      <lineSpacing>0</lineSpacing>
      <selectedIndex>-1</selectedIndex>
      <radius>100</radius>
      <radiusIsPercent>True</radiusIsPercent>
    </control>
    <control controlID="B403A6B5-2ED5-488A-A329-F71B30532450" controlTypeID="Button" x="202" y="446" w="118" h="48" zOrder="7">
      <font family="Segoe+UI" displayName="Segoe+UI" postScript="" weightStyle="Regular" weight="400" isBold="False" isItalic="False" useDefaultFontFamily="False"/>
      <text>Employee+ID</text>
      <textSize>12</textSize>
      <lineSpacing>0</lineSpacing>
      <selectedIndex>-1</selectedIndex>
      <radius>100</radius>
      <radiusIsPercent>True</radiusIsPercent>
    </control>
    <control controlID="E0EFC721-EF85-4B16-8E94-EED582C18BBF" controlTypeID="Button" x="68" y="526" w="232" h="48" zOrder="8">
      <font family="Segoe+UI" displayName="Segoe+UI" postScript="" weightStyle="Regular" weight="400" isBold="False" isItalic="False" useDefaultFontFamily="False"/>
      <text>Make+Payment</text>
      <textSize>12</textSize>
      <lineSpacing>0</lineSpacing>
      <selectedIndex>-1</selectedIndex>
      <radius>100</radius>
      <radiusIsPercent>True</radiusIsPercent>
    </control>
    <control controlID="4864EBDD-991C-42A7-99C6-3FD7244932B9" controlTypeID="Panel" x="39" y="240" w="305" h="397" zOrder="9">
      <groupChildrenDescriptors>
        <control controlID="62657B04-22FF-4376-8FD5-502E452F103D" controlTypeID="Border" x="0" y="0" w="305" h="397" zOrder="0">
          <alias>borderLayer</alias>
        </control>
      </groupChildrenDescriptors>
      <thinkness>1</thinkness>
    </control>
    <control controlID="FE683170-75D1-44C6-BA02-8C73E3030DB0" controlTypeID="Button" x="134" y="326" w="98" h="32" zOrder="10">
      <color>4278229299</color>
      <links eventType="AtClick" animate="AmNone" animateAutoDelay="0" animateDuration="500">
        <link targetPageID="8DF65CA2-9698-4DEB-BC96-7026EE4D6979" linkType="ltPageLink" isApplyIncludePage="False" title="success">
          <area shape="0" alt="" ID="{792D7494-691B-48B4-83FF-887C6E113C00}" coords="(0,0,98,32)"/>
        </link>
      </links>
      <font family="Segoe+UI" displayName="Segoe+UI" postScript="" weightStyle="Regular" weight="400" isBold="False" isItalic="False" useDefaultFontFamily="False"/>
      <text>Lipa+Na+Mpesa</text>
      <textColor>4294967295</textColor>
      <textSize>12</textSize>
      <lineSpacing>0</lineSpacing>
      <selectedIndex>-1</selectedIndex>
      <radius>100</radius>
      <radiusIsPercent>True</radiusIsPercent>
    </control>
    <control controlID="C62AF862-F21B-4534-9B07-0377FD94A202" controlTypeID="Label" x="55" y="258" w="274" h="27" zOrder="11">
      <font family="Segoe+UI" displayName="Segoe+UI" postScript="" weightStyle="Regular" weight="400" isBold="False" isItalic="False"/>
      <text>We+Accept+Any+Below+Payment</text>
      <textSize>20</textSize>
      <lineSpacing>0</lineSpacing>
      <useDefaultTextSize>False</useDefaultTextSize>
      <selectedIndex>-1</selectedIndex>
    </control>
    <control controlID="D661EFD6-D57C-46E8-A0BF-A87ECBD10260" controlTypeID="Icon" x="149" y="399" w="69" h="69" zOrder="12">
      <color>4278203238</color>
      <links eventType="AtClick" animate="AmNone" animateAutoDelay="0" animateDuration="500">
        <link targetPageID="8DF65CA2-9698-4DEB-BC96-7026EE4D6979" linkType="ltPageLink" isApplyIncludePage="False" title="success">
          <area shape="0" alt="" ID="{4EA5CDEA-BF45-4055-A744-42C37E2F66AB}" coords="(0,0,69,69)"/>
        </link>
      </links>
      <icon>
        <ID/>
        <iconFontName>jdFontAwesome</iconFontName>
        <iconCode>61940</iconCode>
      </icon>
      <URL>D1D277D73BFEFFA51679108B5AE8A862.svg</URL>
    </control>
    <control controlID="6B57A21E-C788-44ED-83B0-BD36A009C403" controlTypeID="Icon" x="154" y="492" w="59" h="59" zOrder="13">
      <color>4294901811</color>
      <links eventType="AtClick" animate="AmNone" animateAutoDelay="0" animateDuration="500">
        <link targetPageID="8DF65CA2-9698-4DEB-BC96-7026EE4D6979" linkType="ltPageLink" isApplyIncludePage="False" title="success">
          <area shape="0" alt="" ID="{BDD78089-8A57-461E-822E-7F97ED401A22}" coords="(0,0,59,59)"/>
        </link>
      </links>
      <icon>
        <ID/>
        <iconFontName>jdIonicons</iconFontName>
        <iconCode>61721</iconCode>
      </icon>
      <URL>1DB4B9CC372DC915A334BB1C3062F611.svg</URL>
    </control>
  </controls>
  <param>
    <backgroundColor>4294967295</backgroundColor>
    <fontSize>0</fontSize>
    <fontFamily/>
    <guideLines/>
  </param>
</mockup>