﻿<mockup version="5.3" minAllowVersion="5.3" ID="C40026E7-AAFB-4ACD-8B59-9C901FD2CF10" platform="MtMobile" defaultW="375" defaultH="667" measureW="375" measureH="667" screenOrientation="MoPortrait" mobileScreenScale="1.77777779102325">
  <controls controlCount="6">
    <control controlID="E8AC232C-B6E0-4338-AE05-5AEEDB6CF87D" controlTypeID="Panel" x="0" y="0" w="375" h="667" zOrder="0">
      <color>4278229452</color>
      <groupChildrenDescriptors>
        <control controlID="7FB6D632-1B86-46B3-9D02-5BE70FEF9324" controlTypeID="Border" x="0" y="0" w="375" h="667" zOrder="0">
          <alias>borderLayer</alias>
        </control>
      </groupChildrenDescriptors>
      <thinkness>1</thinkness>
    </control>
    <control controlID="C53144A3-24A1-4A45-A35B-DDDFE43E28FD" controlTypeID="Panel" x="14" y="39" w="349" h="608" zOrder="1">
      <groupChildrenDescriptors>
        <control controlID="B7CB2013-5707-409B-BBDB-BBAD11AA58D1" controlTypeID="Border" x="0" y="0" w="349" h="608" zOrder="0">
          <alias>borderLayer</alias>
        </control>
      </groupChildrenDescriptors>
      <thinkness>1</thinkness>
    </control>
    <control controlID="550AAD64-2C96-4F08-8F96-4033DFC5CE1F" controlTypeID="List" x="26" y="111" w="329" h="529" zOrder="2">
      <font family="Segoe+UI" displayName="Segoe+UI" postScript="" weightStyle="Regular" weight="400" isBold="False" isItalic="False"/>
      <text>My+Bookings%0D%0A2%2F01%2F2021+-+Primeo+Toyota+-+Kamau+on+Duty%0D%0A22%2F07%2F2021+-+Primeo+Toyota+-+Asha+on+Duty%0D%0A2%2F15%2F2021+-+Primeo+Toyota+-+Essy+on+Duty</text>
      <textSize>14</textSize>
      <lineSpacing>0</lineSpacing>
      <itemHeight>48</itemHeight>
    </control>
    <control controlID="42262968-8102-4F2F-B4DF-8BE26E68977E" controlTypeID="Icon" x="26" y="67" w="24" h="24" zOrder="3">
      <links eventType="AtClick" animate="AmNone" animateAutoDelay="0" animateDuration="500">
        <link targetPageID="22301BE2-C178-46E9-9A08-1CDF7927ECBA" linkType="ltPageLink" isApplyIncludePage="False" title="Booking">
          <area shape="0" alt="" ID="{10592DBF-93B3-4FE8-A1A4-11BB3A952500}" coords="(0,0,24,24)"/>
        </link>
      </links>
      <icon>
        <ID/>
        <iconFontName>jdIonicons</iconFontName>
        <iconCode>62418</iconCode>
      </icon>
      <URL>91852B86E51F760894554368302F9800.svg</URL>
    </control>
  </controls>
  <param>
    <backgroundColor>4294967295</backgroundColor>
    <fontSize>0</fontSize>
    <fontFamily/>
    <guideLines/>
  </param>
</mockup>