﻿<mockup version="5.3" minAllowVersion="5.3" ID="FAB048E9-DE81-40E8-A089-E0DB9F65B43A" platform="MtMobile" defaultW="375" defaultH="667" measureW="375" measureH="667" screenOrientation="MoPortrait" mobileScreenScale="1.77777779102325">
  <controls controlCount="6">
    <control controlID="798DACAB-84B3-4D15-AAFC-58DF91E79C08" controlTypeID="Panel" x="0" y="0" w="375" h="667" zOrder="0">
      <color>4278229452</color>
      <groupChildrenDescriptors>
        <control controlID="1357B51A-3A6D-45A7-B599-5CDD7F7B169F" controlTypeID="Border" x="0" y="0" w="375" h="667" zOrder="0">
          <alias>borderLayer</alias>
        </control>
      </groupChildrenDescriptors>
      <thinkness>1</thinkness>
    </control>
    <control controlID="50BC007D-8F68-4E26-8AFD-5CAA2FC574F7" controlTypeID="Panel" x="14" y="39" w="349" h="608" zOrder="1">
      <groupChildrenDescriptors>
        <control controlID="B7649AAD-D32B-4E45-BA9E-532E0EB028EA" controlTypeID="Border" x="0" y="0" w="349" h="608" zOrder="0">
          <alias>borderLayer</alias>
        </control>
      </groupChildrenDescriptors>
      <thinkness>1</thinkness>
    </control>
    <control controlID="2FE265A0-A732-4668-843E-F9F4707C2AF2" controlTypeID="List" x="26" y="111" w="329" h="529" zOrder="2">
      <font family="Segoe+UI" displayName="Segoe+UI" postScript="" weightStyle="Regular" weight="400" isBold="False" isItalic="False"/>
      <text>History+Payment%0D%0A2%2F01%2F2021+-+MNOPKTYRE+successfully+paid+to%0D%0A++++++++++++++++++++Natours+Carwash%0D%0A%0D%0A22%2F07%2F2021+-+RC12345+successfully+paid%0D%0A+++++++++++++++++++++++to+Natours+Carwash%0D%0A%0D%0A2%2F15%2F2021+-+13423+successfully+paid+to+%0D%0A+++++++++++++++++++++Natours+Carwash</text>
      <textSize>14</textSize>
      <lineSpacing>0</lineSpacing>
      <itemHeight>48</itemHeight>
    </control>
    <control controlID="3394CC62-9643-4385-BF72-83356E58C11E" controlTypeID="Icon" x="26" y="67" w="24" h="24" zOrder="3">
      <links eventType="AtClick" animate="AmNone" animateAutoDelay="0" animateDuration="500">
        <link targetPageID="22301BE2-C178-46E9-9A08-1CDF7927ECBA" linkType="ltPageLink" isApplyIncludePage="False" title="Booking">
          <area shape="0" alt="" ID="{10592DBF-93B3-4FE8-A1A4-11BB3A952500}" coords="(0,0,24,24)"/>
        </link>
      </links>
      <icon>
        <ID/>
        <iconFontName>jdIonicons</iconFontName>
        <iconCode>62418</iconCode>
      </icon>
      <URL>91852B86E51F760894554368302F9800.svg</URL>
    </control>
  </controls>
  <param>
    <backgroundColor>4294967295</backgroundColor>
    <fontSize>0</fontSize>
    <fontFamily/>
    <guideLines/>
  </param>
</mockup>